title,title_detail,links,link,id,guidislink,published,published_parsed
[HorribleSubs] Yami Shibai - Japanese Ghost Stories 5 - 09 [1080p].mkv,"{'type': 'text/plain', 'language': None, 'base': 'http://horriblesubs.info/rss.php?res=1080', 'value': '[HorribleSubs] Yami Shibai - Japanese Ghost Stories 5 - 09 [1080p].mkv'}","[{'rel': 'alternate', 'type': 'text/html', 'href': 'magnet:?xt=urn:btih:MAD3XISBHVTDAWSG7RAN5HAGTBC7TA5M&tr=http://nyaa.tracker.wf:7777/announce&tr=udp://tracker.coppersurfer.tk:6969/announce&tr=udp://tracker.internetwarriors.net:1337/announce&tr=udp://tracker.leechersparadise.org:6969/announce&tr=udp://tracker.opentrackr.org:1337/announce&tr=udp://open.stealth.si:80/announce&tr=udp://p4p.arenabg.com:1337/announce&tr=udp://mgtracker.org:6969/announce&tr=udp://tracker.tiny-vps.com:6969/announce&tr=udp://peerfect.org:6969/announce&tr=http://share.camoe.cn:8080/announce&tr=http://t.nyaatracker.com:80/announce&tr=https://open.kickasstracker.com:443/announce'}]",magnet:?xt=urn:btih:MAD3XISBHVTDAWSG7RAN5HAGTBC7TA5M&tr=http://nyaa.tracker.wf:7777/announce&tr=udp://tracker.coppersurfer.tk:6969/announce&tr=udp://tracker.internetwarriors.net:1337/announce&tr=udp://tracker.leechersparadise.org:6969/announce&tr=udp://tracker.opentrackr.org:1337/announce&tr=udp://open.stealth.si:80/announce&tr=udp://p4p.arenabg.com:1337/announce&tr=udp://mgtracker.org:6969/announce&tr=udp://tracker.tiny-vps.com:6969/announce&tr=udp://peerfect.org:6969/announce&tr=http://share.camoe.cn:8080/announce&tr=http://t.nyaatracker.com:80/announce&tr=https://open.kickasstracker.com:443/announce,MAD3XISBHVTDAWSG7RAN5HAGTBC7TA5M,False,"Mon, 04 Sep 2017 00:17:08 +0000","time.struct_time(tm_year=2017, tm_mon=9, tm_mday=4, tm_hour=0, tm_min=17, tm_sec=8, tm_wday=0, tm_yday=247, tm_isdst=0)"
[HorribleSubs] Keppeki Danshi! Aoyama-kun - 10 [1080p].mkv,"{'type': 'text/plain', 'language': None, 'base': 'http://horriblesubs.info/rss.php?res=1080', 'value': '[HorribleSubs] Keppeki Danshi! Aoyama-kun - 10 [1080p].mkv'}","[{'rel': 'alternate', 'type': 'text/html', 'href': 'magnet:?xt=urn:btih:U7AL2KXH3CXFEDXTY2LRKPUEMN3OQADG&tr=http://nyaa.tracker.wf:7777/announce&tr=udp://tracker.coppersurfer.tk:6969/announce&tr=udp://tracker.internetwarriors.net:1337/announce&tr=udp://tracker.leechersparadise.org:6969/announce&tr=udp://tracker.opentrackr.org:1337/announce&tr=udp://open.stealth.si:80/announce&tr=udp://p4p.arenabg.com:1337/announce&tr=udp://mgtracker.org:6969/announce&tr=udp://tracker.tiny-vps.com:6969/announce&tr=udp://peerfect.org:6969/announce&tr=http://share.camoe.cn:8080/announce&tr=http://t.nyaatracker.com:80/announce&tr=https://open.kickasstracker.com:443/announce'}]",magnet:?xt=urn:btih:U7AL2KXH3CXFEDXTY2LRKPUEMN3OQADG&tr=http://nyaa.tracker.wf:7777/announce&tr=udp://tracker.coppersurfer.tk:6969/announce&tr=udp://tracker.internetwarriors.net:1337/announce&tr=udp://tracker.leechersparadise.org:6969/announce&tr=udp://tracker.opentrackr.org:1337/announce&tr=udp://open.stealth.si:80/announce&tr=udp://p4p.arenabg.com:1337/announce&tr=udp://mgtracker.org:6969/announce&tr=udp://tracker.tiny-vps.com:6969/announce&tr=udp://peerfect.org:6969/announce&tr=http://share.camoe.cn:8080/announce&tr=http://t.nyaatracker.com:80/announce&tr=https://open.kickasstracker.com:443/announce,U7AL2KXH3CXFEDXTY2LRKPUEMN3OQADG,False,"Sun, 03 Sep 2017 21:14:42 +0000","time.struct_time(tm_year=2017, tm_mon=9, tm_mday=3, tm_hour=21, tm_min=14, tm_sec=42, tm_wday=6, tm_yday=246, tm_isdst=0)"
[HorribleSubs] Centaur no Nayami - 09 [1080p].mkv,"{'type': 'text/plain', 'language': None, 'base': 'http://horriblesubs.info/rss.php?res=1080', 'value': '[HorribleSubs] Centaur no Nayami - 09 [1080p].mkv'}","[{'rel': 'alternate', 'type': 'text/html', 'href': 'magnet:?xt=urn:btih:2TXYRUBNVW7PB3C3ZJMV7TY4NMC35D3X&tr=http://nyaa.tracker.wf:7777/announce&tr=udp://tracker.coppersurfer.tk:6969/announce&tr=udp://tracker.internetwarriors.net:1337/announce&tr=udp://tracker.leechersparadise.org:6969/announce&tr=udp://tracker.opentrackr.org:1337/announce&tr=udp://open.stealth.si:80/announce&tr=udp://p4p.arenabg.com:1337/announce&tr=udp://mgtracker.org:6969/announce&tr=udp://tracker.tiny-vps.com:6969/announce&tr=udp://peerfect.org:6969/announce&tr=http://share.camoe.cn:8080/announce&tr=http://t.nyaatracker.com:80/announce&tr=https://open.kickasstracker.com:443/announce'}]",magnet:?xt=urn:btih:2TXYRUBNVW7PB3C3ZJMV7TY4NMC35D3X&tr=http://nyaa.tracker.wf:7777/announce&tr=udp://tracker.coppersurfer.tk:6969/announce&tr=udp://tracker.internetwarriors.net:1337/announce&tr=udp://tracker.leechersparadise.org:6969/announce&tr=udp://tracker.opentrackr.org:1337/announce&tr=udp://open.stealth.si:80/announce&tr=udp://p4p.arenabg.com:1337/announce&tr=udp://mgtracker.org:6969/announce&tr=udp://tracker.tiny-vps.com:6969/announce&tr=udp://peerfect.org:6969/announce&tr=http://share.camoe.cn:8080/announce&tr=http://t.nyaatracker.com:80/announce&tr=https://open.kickasstracker.com:443/announce,2TXYRUBNVW7PB3C3ZJMV7TY4NMC35D3X,False,"Sun, 03 Sep 2017 18:33:06 +0000","time.struct_time(tm_year=2017, tm_mon=9, tm_mday=3, tm_hour=18, tm_min=33, tm_sec=6, tm_wday=6, tm_yday=246, tm_isdst=0)"
[HorribleSubs] Knight's & Magic - 10 [1080p].mkv,"{'type': 'text/plain', 'language': None, 'base': 'http://horriblesubs.info/rss.php?res=1080', 'value': ""[HorribleSubs] Knight's & Magic - 10 [1080p].mkv""}","[{'rel': 'alternate', 'type': 'text/html', 'href': 'magnet:?xt=urn:btih:KFEWDFJROXAIU6K2AFFTLA3UMRCJG2Z4&tr=http://nyaa.tracker.wf:7777/announce&tr=udp://tracker.coppersurfer.tk:6969/announce&tr=udp://tracker.internetwarriors.net:1337/announce&tr=udp://tracker.leechersparadise.org:6969/announce&tr=udp://tracker.opentrackr.org:1337/announce&tr=udp://open.stealth.si:80/announce&tr=udp://p4p.arenabg.com:1337/announce&tr=udp://mgtracker.org:6969/announce&tr=udp://tracker.tiny-vps.com:6969/announce&tr=udp://peerfect.org:6969/announce&tr=http://share.camoe.cn:8080/announce&tr=http://t.nyaatracker.com:80/announce&tr=https://open.kickasstracker.com:443/announce'}]",magnet:?xt=urn:btih:KFEWDFJROXAIU6K2AFFTLA3UMRCJG2Z4&tr=http://nyaa.tracker.wf:7777/announce&tr=udp://tracker.coppersurfer.tk:6969/announce&tr=udp://tracker.internetwarriors.net:1337/announce&tr=udp://tracker.leechersparadise.org:6969/announce&tr=udp://tracker.opentrackr.org:1337/announce&tr=udp://open.stealth.si:80/announce&tr=udp://p4p.arenabg.com:1337/announce&tr=udp://mgtracker.org:6969/announce&tr=udp://tracker.tiny-vps.com:6969/announce&tr=udp://peerfect.org:6969/announce&tr=http://share.camoe.cn:8080/announce&tr=http://t.nyaatracker.com:80/announce&tr=https://open.kickasstracker.com:443/announce,KFEWDFJROXAIU6K2AFFTLA3UMRCJG2Z4,False,"Sun, 03 Sep 2017 15:58:29 +0000","time.struct_time(tm_year=2017, tm_mon=9, tm_mday=3, tm_hour=15, tm_min=58, tm_sec=29, tm_wday=6, tm_yday=246, tm_isdst=0)"
[HorribleSubs] Princess Principal - 09 [1080p].mkv,"{'type': 'text/plain', 'language': None, 'base': 'http://horriblesubs.info/rss.php?res=1080', 'value': '[HorribleSubs] Princess Principal - 09 [1080p].mkv'}","[{'rel': 'alternate', 'type': 'text/html', 'href': 'magnet:?xt=urn:btih:AOXZ3WB6KJNS76Q5CJMWA7UGORZM6BBB&tr=http://nyaa.tracker.wf:7777/announce&tr=udp://tracker.coppersurfer.tk:6969/announce&tr=udp://tracker.internetwarriors.net:1337/announce&tr=udp://tracker.leechersparadise.org:6969/announce&tr=udp://tracker.opentrackr.org:1337/announce&tr=udp://open.stealth.si:80/announce&tr=udp://p4p.arenabg.com:1337/announce&tr=udp://mgtracker.org:6969/announce&tr=udp://tracker.tiny-vps.com:6969/announce&tr=udp://peerfect.org:6969/announce&tr=http://share.camoe.cn:8080/announce&tr=http://t.nyaatracker.com:80/announce&tr=https://open.kickasstracker.com:443/announce'}]",magnet:?xt=urn:btih:AOXZ3WB6KJNS76Q5CJMWA7UGORZM6BBB&tr=http://nyaa.tracker.wf:7777/announce&tr=udp://tracker.coppersurfer.tk:6969/announce&tr=udp://tracker.internetwarriors.net:1337/announce&tr=udp://tracker.leechersparadise.org:6969/announce&tr=udp://tracker.opentrackr.org:1337/announce&tr=udp://open.stealth.si:80/announce&tr=udp://p4p.arenabg.com:1337/announce&tr=udp://mgtracker.org:6969/announce&tr=udp://tracker.tiny-vps.com:6969/announce&tr=udp://peerfect.org:6969/announce&tr=http://share.camoe.cn:8080/announce&tr=http://t.nyaatracker.com:80/announce&tr=https://open.kickasstracker.com:443/announce,AOXZ3WB6KJNS76Q5CJMWA7UGORZM6BBB,False,"Sun, 03 Sep 2017 14:35:21 +0000","time.struct_time(tm_year=2017, tm_mon=9, tm_mday=3, tm_hour=14, tm_min=35, tm_sec=21, tm_wday=6, tm_yday=246, tm_isdst=0)"
[HorribleSubs] One Piece - 804 [1080p].mkv,"{'type': 'text/plain', 'language': None, 'base': 'http://horriblesubs.info/rss.php?res=1080', 'value': '[HorribleSubs] One Piece - 804 [1080p].mkv'}","[{'rel': 'alternate', 'type': 'text/html', 'href': 'magnet:?xt=urn:btih:PMB4MIOJWM7FSSIHEOMGPULY7VNXPLEQ&tr=http://nyaa.tracker.wf:7777/announce&tr=udp://tracker.coppersurfer.tk:6969/announce&tr=udp://tracker.internetwarriors.net:1337/announce&tr=udp://tracker.leechersparadise.org:6969/announce&tr=udp://tracker.opentrackr.org:1337/announce&tr=udp://open.stealth.si:80/announce&tr=udp://p4p.arenabg.com:1337/announce&tr=udp://mgtracker.org:6969/announce&tr=udp://tracker.tiny-vps.com:6969/announce&tr=udp://peerfect.org:6969/announce&tr=http://share.camoe.cn:8080/announce&tr=http://t.nyaatracker.com:80/announce&tr=https://open.kickasstracker.com:443/announce'}]",magnet:?xt=urn:btih:PMB4MIOJWM7FSSIHEOMGPULY7VNXPLEQ&tr=http://nyaa.tracker.wf:7777/announce&tr=udp://tracker.coppersurfer.tk:6969/announce&tr=udp://tracker.internetwarriors.net:1337/announce&tr=udp://tracker.leechersparadise.org:6969/announce&tr=udp://tracker.opentrackr.org:1337/announce&tr=udp://open.stealth.si:80/announce&tr=udp://p4p.arenabg.com:1337/announce&tr=udp://mgtracker.org:6969/announce&tr=udp://tracker.tiny-vps.com:6969/announce&tr=udp://peerfect.org:6969/announce&tr=http://share.camoe.cn:8080/announce&tr=http://t.nyaatracker.com:80/announce&tr=https://open.kickasstracker.com:443/announce,PMB4MIOJWM7FSSIHEOMGPULY7VNXPLEQ,False,"Sun, 03 Sep 2017 04:09:12 +0000","time.struct_time(tm_year=2017, tm_mon=9, tm_mday=3, tm_hour=4, tm_min=9, tm_sec=12, tm_wday=6, tm_yday=246, tm_isdst=0)"
[HorribleSubs] Dragon Ball Super - 106 [1080p].mkv,"{'type': 'text/plain', 'language': None, 'base': 'http://horriblesubs.info/rss.php?res=1080', 'value': '[HorribleSubs] Dragon Ball Super - 106 [1080p].mkv'}","[{'rel': 'alternate', 'type': 'text/html', 'href': 'magnet:?xt=urn:btih:YYIMSNQ272JVD3P52X5PAGEQDOZ6GCEF&tr=http://nyaa.tracker.wf:7777/announce&tr=udp://tracker.coppersurfer.tk:6969/announce&tr=udp://tracker.internetwarriors.net:1337/announce&tr=udp://tracker.leechersparadise.org:6969/announce&tr=udp://tracker.opentrackr.org:1337/announce&tr=udp://open.stealth.si:80/announce&tr=udp://p4p.arenabg.com:1337/announce&tr=udp://mgtracker.org:6969/announce&tr=udp://tracker.tiny-vps.com:6969/announce&tr=udp://peerfect.org:6969/announce&tr=http://share.camoe.cn:8080/announce&tr=http://t.nyaatracker.com:80/announce&tr=https://open.kickasstracker.com:443/announce'}]",magnet:?xt=urn:btih:YYIMSNQ272JVD3P52X5PAGEQDOZ6GCEF&tr=http://nyaa.tracker.wf:7777/announce&tr=udp://tracker.coppersurfer.tk:6969/announce&tr=udp://tracker.internetwarriors.net:1337/announce&tr=udp://tracker.leechersparadise.org:6969/announce&tr=udp://tracker.opentrackr.org:1337/announce&tr=udp://open.stealth.si:80/announce&tr=udp://p4p.arenabg.com:1337/announce&tr=udp://mgtracker.org:6969/announce&tr=udp://tracker.tiny-vps.com:6969/announce&tr=udp://peerfect.org:6969/announce&tr=http://share.camoe.cn:8080/announce&tr=http://t.nyaatracker.com:80/announce&tr=https://open.kickasstracker.com:443/announce,YYIMSNQ272JVD3P52X5PAGEQDOZ6GCEF,False,"Sun, 03 Sep 2017 03:23:09 +0000","time.struct_time(tm_year=2017, tm_mon=9, tm_mday=3, tm_hour=3, tm_min=23, tm_sec=9, tm_wday=6, tm_yday=246, tm_isdst=0)"
[HorribleSubs] Heybot! - 47 [1080p].mkv,"{'type': 'text/plain', 'language': None, 'base': 'http://horriblesubs.info/rss.php?res=1080', 'value': '[HorribleSubs] Heybot! - 47 [1080p].mkv'}","[{'rel': 'alternate', 'type': 'text/html', 'href': 'magnet:?xt=urn:btih:JL6NN6TOEWZNM6NMOYLEMPCSSXJM2LN5&tr=http://nyaa.tracker.wf:7777/announce&tr=udp://tracker.coppersurfer.tk:6969/announce&tr=udp://tracker.internetwarriors.net:1337/announce&tr=udp://tracker.leechersparadise.org:6969/announce&tr=udp://tracker.opentrackr.org:1337/announce&tr=udp://open.stealth.si:80/announce&tr=udp://p4p.arenabg.com:1337/announce&tr=udp://mgtracker.org:6969/announce&tr=udp://tracker.tiny-vps.com:6969/announce&tr=udp://peerfect.org:6969/announce&tr=http://share.camoe.cn:8080/announce&tr=http://t.nyaatracker.com:80/announce&tr=https://open.kickasstracker.com:443/announce'}]",magnet:?xt=urn:btih:JL6NN6TOEWZNM6NMOYLEMPCSSXJM2LN5&tr=http://nyaa.tracker.wf:7777/announce&tr=udp://tracker.coppersurfer.tk:6969/announce&tr=udp://tracker.internetwarriors.net:1337/announce&tr=udp://tracker.leechersparadise.org:6969/announce&tr=udp://tracker.opentrackr.org:1337/announce&tr=udp://open.stealth.si:80/announce&tr=udp://p4p.arenabg.com:1337/announce&tr=udp://mgtracker.org:6969/announce&tr=udp://tracker.tiny-vps.com:6969/announce&tr=udp://peerfect.org:6969/announce&tr=http://share.camoe.cn:8080/announce&tr=http://t.nyaatracker.com:80/announce&tr=https://open.kickasstracker.com:443/announce,JL6NN6TOEWZNM6NMOYLEMPCSSXJM2LN5,False,"Sat, 02 Sep 2017 23:18:21 +0000","time.struct_time(tm_year=2017, tm_mon=9, tm_mday=2, tm_hour=23, tm_min=18, tm_sec=21, tm_wday=5, tm_yday=245, tm_isdst=0)"
[HorribleSubs] Enmusubi no Youko-chan - 10 [1080p].mkv,"{'type': 'text/plain', 'language': None, 'base': 'http://horriblesubs.info/rss.php?res=1080', 'value': '[HorribleSubs] Enmusubi no Youko-chan - 10 [1080p].mkv'}","[{'rel': 'alternate', 'type': 'text/html', 'href': 'magnet:?xt=urn:btih:MJSIEFNM3WJMBUJX2NIF2L3VKSYSES7P&tr=http://nyaa.tracker.wf:7777/announce&tr=udp://tracker.coppersurfer.tk:6969/announce&tr=udp://tracker.internetwarriors.net:1337/announce&tr=udp://tracker.leechersparadise.org:6969/announce&tr=udp://tracker.opentrackr.org:1337/announce&tr=udp://open.stealth.si:80/announce&tr=udp://p4p.arenabg.com:1337/announce&tr=udp://mgtracker.org:6969/announce&tr=udp://tracker.tiny-vps.com:6969/announce&tr=udp://peerfect.org:6969/announce&tr=http://share.camoe.cn:8080/announce&tr=http://t.nyaatracker.com:80/announce&tr=https://open.kickasstracker.com:443/announce'}]",magnet:?xt=urn:btih:MJSIEFNM3WJMBUJX2NIF2L3VKSYSES7P&tr=http://nyaa.tracker.wf:7777/announce&tr=udp://tracker.coppersurfer.tk:6969/announce&tr=udp://tracker.internetwarriors.net:1337/announce&tr=udp://tracker.leechersparadise.org:6969/announce&tr=udp://tracker.opentrackr.org:1337/announce&tr=udp://open.stealth.si:80/announce&tr=udp://p4p.arenabg.com:1337/announce&tr=udp://mgtracker.org:6969/announce&tr=udp://tracker.tiny-vps.com:6969/announce&tr=udp://peerfect.org:6969/announce&tr=http://share.camoe.cn:8080/announce&tr=http://t.nyaatracker.com:80/announce&tr=https://open.kickasstracker.com:443/announce,MJSIEFNM3WJMBUJX2NIF2L3VKSYSES7P,False,"Sat, 02 Sep 2017 17:57:32 +0000","time.struct_time(tm_year=2017, tm_mon=9, tm_mday=2, tm_hour=17, tm_min=57, tm_sec=32, tm_wday=5, tm_yday=245, tm_isdst=0)"
[HorribleSubs] Ballroom e Youkoso - 09 [1080p].mkv,"{'type': 'text/plain', 'language': None, 'base': 'http://horriblesubs.info/rss.php?res=1080', 'value': '[HorribleSubs] Ballroom e Youkoso - 09 [1080p].mkv'}","[{'rel': 'alternate', 'type': 'text/html', 'href': 'magnet:?xt=urn:btih:3SA2HVOKKGFA63CIFWVY37LAUFH6FOYM&tr=http://nyaa.tracker.wf:7777/announce&tr=udp://tracker.coppersurfer.tk:6969/announce&tr=udp://tracker.internetwarriors.net:1337/announce&tr=udp://tracker.leechersparadise.org:6969/announce&tr=udp://tracker.opentrackr.org:1337/announce&tr=udp://open.stealth.si:80/announce&tr=udp://p4p.arenabg.com:1337/announce&tr=udp://mgtracker.org:6969/announce&tr=udp://tracker.tiny-vps.com:6969/announce&tr=udp://peerfect.org:6969/announce&tr=http://share.camoe.cn:8080/announce&tr=http://t.nyaatracker.com:80/announce&tr=https://open.kickasstracker.com:443/announce'}]",magnet:?xt=urn:btih:3SA2HVOKKGFA63CIFWVY37LAUFH6FOYM&tr=http://nyaa.tracker.wf:7777/announce&tr=udp://tracker.coppersurfer.tk:6969/announce&tr=udp://tracker.internetwarriors.net:1337/announce&tr=udp://tracker.leechersparadise.org:6969/announce&tr=udp://tracker.opentrackr.org:1337/announce&tr=udp://open.stealth.si:80/announce&tr=udp://p4p.arenabg.com:1337/announce&tr=udp://mgtracker.org:6969/announce&tr=udp://tracker.tiny-vps.com:6969/announce&tr=udp://peerfect.org:6969/announce&tr=http://share.camoe.cn:8080/announce&tr=http://t.nyaatracker.com:80/announce&tr=https://open.kickasstracker.com:443/announce,3SA2HVOKKGFA63CIFWVY37LAUFH6FOYM,False,"Sat, 02 Sep 2017 17:46:55 +0000","time.struct_time(tm_year=2017, tm_mon=9, tm_mday=2, tm_hour=17, tm_min=46, tm_sec=55, tm_wday=5, tm_yday=245, tm_isdst=0)"
[HorribleSubs] The Reflection - 07 [1080p].mkv,"{'type': 'text/plain', 'language': None, 'base': 'http://horriblesubs.info/rss.php?res=1080', 'value': '[HorribleSubs] The Reflection - 07 [1080p].mkv'}","[{'rel': 'alternate', 'type': 'text/html', 'href': 'magnet:?xt=urn:btih:Y5ZBKDSOF7P5ZIXYIFKFYE76JHHJLZL7&tr=http://nyaa.tracker.wf:7777/announce&tr=udp://tracker.coppersurfer.tk:6969/announce&tr=udp://tracker.internetwarriors.net:1337/announce&tr=udp://tracker.leechersparadise.org:6969/announce&tr=udp://tracker.opentrackr.org:1337/announce&tr=udp://open.stealth.si:80/announce&tr=udp://p4p.arenabg.com:1337/announce&tr=udp://mgtracker.org:6969/announce&tr=udp://tracker.tiny-vps.com:6969/announce&tr=udp://peerfect.org:6969/announce&tr=http://share.camoe.cn:8080/announce&tr=http://t.nyaatracker.com:80/announce&tr=https://open.kickasstracker.com:443/announce'}]",magnet:?xt=urn:btih:Y5ZBKDSOF7P5ZIXYIFKFYE76JHHJLZL7&tr=http://nyaa.tracker.wf:7777/announce&tr=udp://tracker.coppersurfer.tk:6969/announce&tr=udp://tracker.internetwarriors.net:1337/announce&tr=udp://tracker.leechersparadise.org:6969/announce&tr=udp://tracker.opentrackr.org:1337/announce&tr=udp://open.stealth.si:80/announce&tr=udp://p4p.arenabg.com:1337/announce&tr=udp://mgtracker.org:6969/announce&tr=udp://tracker.tiny-vps.com:6969/announce&tr=udp://peerfect.org:6969/announce&tr=http://share.camoe.cn:8080/announce&tr=http://t.nyaatracker.com:80/announce&tr=https://open.kickasstracker.com:443/announce,Y5ZBKDSOF7P5ZIXYIFKFYE76JHHJLZL7,False,"Sat, 02 Sep 2017 17:40:42 +0000","time.struct_time(tm_year=2017, tm_mon=9, tm_mday=2, tm_hour=17, tm_min=40, tm_sec=42, tm_wday=5, tm_yday=245, tm_isdst=0)"
[HorribleSubs] Katsugeki Touken Ranbu - 10 [1080p].mkv,"{'type': 'text/plain', 'language': None, 'base': 'http://horriblesubs.info/rss.php?res=1080', 'value': '[HorribleSubs] Katsugeki Touken Ranbu - 10 [1080p].mkv'}","[{'rel': 'alternate', 'type': 'text/html', 'href': 'magnet:?xt=urn:btih:LG2I4V5Q2DC6TTCYW5GDWHN5GIBGPUNG&tr=http://nyaa.tracker.wf:7777/announce&tr=udp://tracker.coppersurfer.tk:6969/announce&tr=udp://tracker.internetwarriors.net:1337/announce&tr=udp://tracker.leechersparadise.org:6969/announce&tr=udp://tracker.opentrackr.org:1337/announce&tr=udp://open.stealth.si:80/announce&tr=udp://p4p.arenabg.com:1337/announce&tr=udp://mgtracker.org:6969/announce&tr=udp://tracker.tiny-vps.com:6969/announce&tr=udp://peerfect.org:6969/announce&tr=http://share.camoe.cn:8080/announce&tr=http://t.nyaatracker.com:80/announce&tr=https://open.kickasstracker.com:443/announce'}]",magnet:?xt=urn:btih:LG2I4V5Q2DC6TTCYW5GDWHN5GIBGPUNG&tr=http://nyaa.tracker.wf:7777/announce&tr=udp://tracker.coppersurfer.tk:6969/announce&tr=udp://tracker.internetwarriors.net:1337/announce&tr=udp://tracker.leechersparadise.org:6969/announce&tr=udp://tracker.opentrackr.org:1337/announce&tr=udp://open.stealth.si:80/announce&tr=udp://p4p.arenabg.com:1337/announce&tr=udp://mgtracker.org:6969/announce&tr=udp://tracker.tiny-vps.com:6969/announce&tr=udp://peerfect.org:6969/announce&tr=http://share.camoe.cn:8080/announce&tr=http://t.nyaatracker.com:80/announce&tr=https://open.kickasstracker.com:443/announce,LG2I4V5Q2DC6TTCYW5GDWHN5GIBGPUNG,False,"Sat, 02 Sep 2017 17:33:28 +0000","time.struct_time(tm_year=2017, tm_mon=9, tm_mday=2, tm_hour=17, tm_min=33, tm_sec=28, tm_wday=5, tm_yday=245, tm_isdst=0)"
[HorribleSubs] Kyoukai no Rinne - 72 [1080p].mkv,"{'type': 'text/plain', 'language': None, 'base': 'http://horriblesubs.info/rss.php?res=1080', 'value': '[HorribleSubs] Kyoukai no Rinne - 72 [1080p].mkv'}","[{'rel': 'alternate', 'type': 'text/html', 'href': 'magnet:?xt=urn:btih:ZGWYNUE6OOO25E2BKG5DW4ACHTB2BUPV&tr=http://nyaa.tracker.wf:7777/announce&tr=udp://tracker.coppersurfer.tk:6969/announce&tr=udp://tracker.internetwarriors.net:1337/announce&tr=udp://tracker.leechersparadise.org:6969/announce&tr=udp://tracker.opentrackr.org:1337/announce&tr=udp://open.stealth.si:80/announce&tr=udp://p4p.arenabg.com:1337/announce&tr=udp://mgtracker.org:6969/announce&tr=udp://tracker.tiny-vps.com:6969/announce&tr=udp://peerfect.org:6969/announce&tr=http://share.camoe.cn:8080/announce&tr=http://t.nyaatracker.com:80/announce&tr=https://open.kickasstracker.com:443/announce'}]",magnet:?xt=urn:btih:ZGWYNUE6OOO25E2BKG5DW4ACHTB2BUPV&tr=http://nyaa.tracker.wf:7777/announce&tr=udp://tracker.coppersurfer.tk:6969/announce&tr=udp://tracker.internetwarriors.net:1337/announce&tr=udp://tracker.leechersparadise.org:6969/announce&tr=udp://tracker.opentrackr.org:1337/announce&tr=udp://open.stealth.si:80/announce&tr=udp://p4p.arenabg.com:1337/announce&tr=udp://mgtracker.org:6969/announce&tr=udp://tracker.tiny-vps.com:6969/announce&tr=udp://peerfect.org:6969/announce&tr=http://share.camoe.cn:8080/announce&tr=http://t.nyaatracker.com:80/announce&tr=https://open.kickasstracker.com:443/announce,ZGWYNUE6OOO25E2BKG5DW4ACHTB2BUPV,False,"Sat, 02 Sep 2017 15:37:58 +0000","time.struct_time(tm_year=2017, tm_mon=9, tm_mday=2, tm_hour=15, tm_min=37, tm_sec=58, tm_wday=5, tm_yday=245, tm_isdst=0)"
[HorribleSubs] Action Heroine Cheer Fruits - 08 [1080p].mkv,"{'type': 'text/plain', 'language': None, 'base': 'http://horriblesubs.info/rss.php?res=1080', 'value': '[HorribleSubs] Action Heroine Cheer Fruits - 08 [1080p].mkv'}","[{'rel': 'alternate', 'type': 'text/html', 'href': 'magnet:?xt=urn:btih:LZPDMLPYKCDKCJJG6HUPYWUS5TEJWWTO&tr=http://nyaa.tracker.wf:7777/announce&tr=udp://tracker.coppersurfer.tk:6969/announce&tr=udp://tracker.internetwarriors.net:1337/announce&tr=udp://tracker.leechersparadise.org:6969/announce&tr=udp://tracker.opentrackr.org:1337/announce&tr=udp://open.stealth.si:80/announce&tr=udp://p4p.arenabg.com:1337/announce&tr=udp://mgtracker.org:6969/announce&tr=udp://tracker.tiny-vps.com:6969/announce&tr=udp://peerfect.org:6969/announce&tr=http://share.camoe.cn:8080/announce&tr=http://t.nyaatracker.com:80/announce&tr=https://open.kickasstracker.com:443/announce'}]",magnet:?xt=urn:btih:LZPDMLPYKCDKCJJG6HUPYWUS5TEJWWTO&tr=http://nyaa.tracker.wf:7777/announce&tr=udp://tracker.coppersurfer.tk:6969/announce&tr=udp://tracker.internetwarriors.net:1337/announce&tr=udp://tracker.leechersparadise.org:6969/announce&tr=udp://tracker.opentrackr.org:1337/announce&tr=udp://open.stealth.si:80/announce&tr=udp://p4p.arenabg.com:1337/announce&tr=udp://mgtracker.org:6969/announce&tr=udp://tracker.tiny-vps.com:6969/announce&tr=udp://peerfect.org:6969/announce&tr=http://share.camoe.cn:8080/announce&tr=http://t.nyaatracker.com:80/announce&tr=https://open.kickasstracker.com:443/announce,LZPDMLPYKCDKCJJG6HUPYWUS5TEJWWTO,False,"Sat, 02 Sep 2017 15:35:35 +0000","time.struct_time(tm_year=2017, tm_mon=9, tm_mday=2, tm_hour=15, tm_min=35, tm_sec=35, tm_wday=5, tm_yday=245, tm_isdst=0)"
[HorribleSubs] Hitorijime My Hero - 09 [1080p].mkv,"{'type': 'text/plain', 'language': None, 'base': 'http://horriblesubs.info/rss.php?res=1080', 'value': '[HorribleSubs] Hitorijime My Hero - 09 [1080p].mkv'}","[{'rel': 'alternate', 'type': 'text/html', 'href': 'magnet:?xt=urn:btih:W4M34XAVSVBBUHEYKZZKEVZ7BS6YMTFA&tr=http://nyaa.tracker.wf:7777/announce&tr=udp://tracker.coppersurfer.tk:6969/announce&tr=udp://tracker.internetwarriors.net:1337/announce&tr=udp://tracker.leechersparadise.org:6969/announce&tr=udp://tracker.opentrackr.org:1337/announce&tr=udp://open.stealth.si:80/announce&tr=udp://p4p.arenabg.com:1337/announce&tr=udp://mgtracker.org:6969/announce&tr=udp://tracker.tiny-vps.com:6969/announce&tr=udp://peerfect.org:6969/announce&tr=http://share.camoe.cn:8080/announce&tr=http://t.nyaatracker.com:80/announce&tr=https://open.kickasstracker.com:443/announce'}]",magnet:?xt=urn:btih:W4M34XAVSVBBUHEYKZZKEVZ7BS6YMTFA&tr=http://nyaa.tracker.wf:7777/announce&tr=udp://tracker.coppersurfer.tk:6969/announce&tr=udp://tracker.internetwarriors.net:1337/announce&tr=udp://tracker.leechersparadise.org:6969/announce&tr=udp://tracker.opentrackr.org:1337/announce&tr=udp://open.stealth.si:80/announce&tr=udp://p4p.arenabg.com:1337/announce&tr=udp://mgtracker.org:6969/announce&tr=udp://tracker.tiny-vps.com:6969/announce&tr=udp://peerfect.org:6969/announce&tr=http://share.camoe.cn:8080/announce&tr=http://t.nyaatracker.com:80/announce&tr=https://open.kickasstracker.com:443/announce,W4M34XAVSVBBUHEYKZZKEVZ7BS6YMTFA,False,"Sat, 02 Sep 2017 15:05:09 +0000","time.struct_time(tm_year=2017, tm_mon=9, tm_mday=2, tm_hour=15, tm_min=5, tm_sec=9, tm_wday=5, tm_yday=245, tm_isdst=0)"
[HorribleSubs] Re-Creators - 20 [1080p].mkv,"{'type': 'text/plain', 'language': None, 'base': 'http://horriblesubs.info/rss.php?res=1080', 'value': '[HorribleSubs] Re-Creators - 20 [1080p].mkv'}","[{'rel': 'alternate', 'type': 'text/html', 'href': 'magnet:?xt=urn:btih:W5PS3UOE5PYERDOUWD2BPUSL6BOLZVE2&tr=http://nyaa.tracker.wf:7777/announce&tr=udp://tracker.coppersurfer.tk:6969/announce&tr=udp://tracker.internetwarriors.net:1337/announce&tr=udp://tracker.leechersparadise.org:6969/announce&tr=udp://tracker.opentrackr.org:1337/announce&tr=udp://open.stealth.si:80/announce&tr=udp://p4p.arenabg.com:1337/announce&tr=udp://mgtracker.org:6969/announce&tr=udp://tracker.tiny-vps.com:6969/announce&tr=udp://peerfect.org:6969/announce&tr=http://share.camoe.cn:8080/announce&tr=http://t.nyaatracker.com:80/announce&tr=https://open.kickasstracker.com:443/announce'}]",magnet:?xt=urn:btih:W5PS3UOE5PYERDOUWD2BPUSL6BOLZVE2&tr=http://nyaa.tracker.wf:7777/announce&tr=udp://tracker.coppersurfer.tk:6969/announce&tr=udp://tracker.internetwarriors.net:1337/announce&tr=udp://tracker.leechersparadise.org:6969/announce&tr=udp://tracker.opentrackr.org:1337/announce&tr=udp://open.stealth.si:80/announce&tr=udp://p4p.arenabg.com:1337/announce&tr=udp://mgtracker.org:6969/announce&tr=udp://tracker.tiny-vps.com:6969/announce&tr=udp://peerfect.org:6969/announce&tr=http://share.camoe.cn:8080/announce&tr=http://t.nyaatracker.com:80/announce&tr=https://open.kickasstracker.com:443/announce,W5PS3UOE5PYERDOUWD2BPUSL6BOLZVE2,False,"Sat, 02 Sep 2017 15:03:55 +0000","time.struct_time(tm_year=2017, tm_mon=9, tm_mday=2, tm_hour=15, tm_min=3, tm_sec=55, tm_wday=5, tm_yday=245, tm_isdst=0)"
[HorribleSubs] Detective Conan - 871 [1080p].mkv,"{'type': 'text/plain', 'language': None, 'base': 'http://horriblesubs.info/rss.php?res=1080', 'value': '[HorribleSubs] Detective Conan - 871 [1080p].mkv'}","[{'rel': 'alternate', 'type': 'text/html', 'href': 'magnet:?xt=urn:btih:EW5J7L5EP5UARYHJHWNFOPUL75TFBRZD&tr=http://nyaa.tracker.wf:7777/announce&tr=udp://tracker.coppersurfer.tk:6969/announce&tr=udp://tracker.internetwarriors.net:1337/announce&tr=udp://tracker.leechersparadise.org:6969/announce&tr=udp://tracker.opentrackr.org:1337/announce&tr=udp://open.stealth.si:80/announce&tr=udp://p4p.arenabg.com:1337/announce&tr=udp://mgtracker.org:6969/announce&tr=udp://tracker.tiny-vps.com:6969/announce&tr=udp://peerfect.org:6969/announce&tr=http://share.camoe.cn:8080/announce&tr=http://t.nyaatracker.com:80/announce&tr=https://open.kickasstracker.com:443/announce'}]",magnet:?xt=urn:btih:EW5J7L5EP5UARYHJHWNFOPUL75TFBRZD&tr=http://nyaa.tracker.wf:7777/announce&tr=udp://tracker.coppersurfer.tk:6969/announce&tr=udp://tracker.internetwarriors.net:1337/announce&tr=udp://tracker.leechersparadise.org:6969/announce&tr=udp://tracker.opentrackr.org:1337/announce&tr=udp://open.stealth.si:80/announce&tr=udp://p4p.arenabg.com:1337/announce&tr=udp://mgtracker.org:6969/announce&tr=udp://tracker.tiny-vps.com:6969/announce&tr=udp://peerfect.org:6969/announce&tr=http://share.camoe.cn:8080/announce&tr=http://t.nyaatracker.com:80/announce&tr=https://open.kickasstracker.com:443/announce,EW5J7L5EP5UARYHJHWNFOPUL75TFBRZD,False,"Sat, 02 Sep 2017 14:59:32 +0000","time.struct_time(tm_year=2017, tm_mon=9, tm_mday=2, tm_hour=14, tm_min=59, tm_sec=32, tm_wday=5, tm_yday=245, tm_isdst=0)"
[HorribleSubs] Boku no Hero Academia - 34 [1080p].mkv,"{'type': 'text/plain', 'language': None, 'base': 'http://horriblesubs.info/rss.php?res=1080', 'value': '[HorribleSubs] Boku no Hero Academia - 34 [1080p].mkv'}","[{'rel': 'alternate', 'type': 'text/html', 'href': 'magnet:?xt=urn:btih:53GDU6TCUWGHPRQTXFRH62S7KIAOF5QQ&tr=http://nyaa.tracker.wf:7777/announce&tr=udp://tracker.coppersurfer.tk:6969/announce&tr=udp://tracker.internetwarriors.net:1337/announce&tr=udp://tracker.leechersparadise.org:6969/announce&tr=udp://tracker.opentrackr.org:1337/announce&tr=udp://open.stealth.si:80/announce&tr=udp://p4p.arenabg.com:1337/announce&tr=udp://mgtracker.org:6969/announce&tr=udp://tracker.tiny-vps.com:6969/announce&tr=udp://peerfect.org:6969/announce&tr=http://share.camoe.cn:8080/announce&tr=http://t.nyaatracker.com:80/announce&tr=https://open.kickasstracker.com:443/announce'}]",magnet:?xt=urn:btih:53GDU6TCUWGHPRQTXFRH62S7KIAOF5QQ&tr=http://nyaa.tracker.wf:7777/announce&tr=udp://tracker.coppersurfer.tk:6969/announce&tr=udp://tracker.internetwarriors.net:1337/announce&tr=udp://tracker.leechersparadise.org:6969/announce&tr=udp://tracker.opentrackr.org:1337/announce&tr=udp://open.stealth.si:80/announce&tr=udp://p4p.arenabg.com:1337/announce&tr=udp://mgtracker.org:6969/announce&tr=udp://tracker.tiny-vps.com:6969/announce&tr=udp://peerfect.org:6969/announce&tr=http://share.camoe.cn:8080/announce&tr=http://t.nyaatracker.com:80/announce&tr=https://open.kickasstracker.com:443/announce,53GDU6TCUWGHPRQTXFRH62S7KIAOF5QQ,False,"Sat, 02 Sep 2017 13:36:22 +0000","time.struct_time(tm_year=2017, tm_mon=9, tm_mday=2, tm_hour=13, tm_min=36, tm_sec=22, tm_wday=5, tm_yday=245, tm_isdst=0)"
[HorribleSubs] Monster Strike 2 - 23 [1080p].mkv,"{'type': 'text/plain', 'language': None, 'base': 'http://horriblesubs.info/rss.php?res=1080', 'value': '[HorribleSubs] Monster Strike 2 - 23 [1080p].mkv'}","[{'rel': 'alternate', 'type': 'text/html', 'href': 'magnet:?xt=urn:btih:47TC6LA5NLAYUPW6HI7OLLNSEPXCD3XS&tr=http://nyaa.tracker.wf:7777/announce&tr=udp://tracker.coppersurfer.tk:6969/announce&tr=udp://tracker.internetwarriors.net:1337/announce&tr=udp://tracker.leechersparadise.org:6969/announce&tr=udp://tracker.opentrackr.org:1337/announce&tr=udp://open.stealth.si:80/announce&tr=udp://p4p.arenabg.com:1337/announce&tr=udp://mgtracker.org:6969/announce&tr=udp://tracker.tiny-vps.com:6969/announce&tr=udp://peerfect.org:6969/announce&tr=http://share.camoe.cn:8080/announce&tr=http://t.nyaatracker.com:80/announce&tr=https://open.kickasstracker.com:443/announce'}]",magnet:?xt=urn:btih:47TC6LA5NLAYUPW6HI7OLLNSEPXCD3XS&tr=http://nyaa.tracker.wf:7777/announce&tr=udp://tracker.coppersurfer.tk:6969/announce&tr=udp://tracker.internetwarriors.net:1337/announce&tr=udp://tracker.leechersparadise.org:6969/announce&tr=udp://tracker.opentrackr.org:1337/announce&tr=udp://open.stealth.si:80/announce&tr=udp://p4p.arenabg.com:1337/announce&tr=udp://mgtracker.org:6969/announce&tr=udp://tracker.tiny-vps.com:6969/announce&tr=udp://peerfect.org:6969/announce&tr=http://share.camoe.cn:8080/announce&tr=http://t.nyaatracker.com:80/announce&tr=https://open.kickasstracker.com:443/announce,47TC6LA5NLAYUPW6HI7OLLNSEPXCD3XS,False,"Sat, 02 Sep 2017 10:40:45 +0000","time.struct_time(tm_year=2017, tm_mon=9, tm_mday=2, tm_hour=10, tm_min=40, tm_sec=45, tm_wday=5, tm_yday=245, tm_isdst=0)"
[HorribleSubs] Hina Logi - From Luck & Logic - 10 [1080p].mkv,"{'type': 'text/plain', 'language': None, 'base': 'http://horriblesubs.info/rss.php?res=1080', 'value': '[HorribleSubs] Hina Logi - From Luck & Logic - 10 [1080p].mkv'}","[{'rel': 'alternate', 'type': 'text/html', 'href': 'magnet:?xt=urn:btih:5QUSFIHOIREZOA7HBQKF5EV7DU57PPBY&tr=http://nyaa.tracker.wf:7777/announce&tr=udp://tracker.coppersurfer.tk:6969/announce&tr=udp://tracker.internetwarriors.net:1337/announce&tr=udp://tracker.leechersparadise.org:6969/announce&tr=udp://tracker.opentrackr.org:1337/announce&tr=udp://open.stealth.si:80/announce&tr=udp://p4p.arenabg.com:1337/announce&tr=udp://mgtracker.org:6969/announce&tr=udp://tracker.tiny-vps.com:6969/announce&tr=udp://peerfect.org:6969/announce&tr=http://share.camoe.cn:8080/announce&tr=http://t.nyaatracker.com:80/announce&tr=https://open.kickasstracker.com:443/announce'}]",magnet:?xt=urn:btih:5QUSFIHOIREZOA7HBQKF5EV7DU57PPBY&tr=http://nyaa.tracker.wf:7777/announce&tr=udp://tracker.coppersurfer.tk:6969/announce&tr=udp://tracker.internetwarriors.net:1337/announce&tr=udp://tracker.leechersparadise.org:6969/announce&tr=udp://tracker.opentrackr.org:1337/announce&tr=udp://open.stealth.si:80/announce&tr=udp://p4p.arenabg.com:1337/announce&tr=udp://mgtracker.org:6969/announce&tr=udp://tracker.tiny-vps.com:6969/announce&tr=udp://peerfect.org:6969/announce&tr=http://share.camoe.cn:8080/announce&tr=http://t.nyaatracker.com:80/announce&tr=https://open.kickasstracker.com:443/announce,5QUSFIHOIREZOA7HBQKF5EV7DU57PPBY,False,"Sat, 02 Sep 2017 08:32:12 +0000","time.struct_time(tm_year=2017, tm_mon=9, tm_mday=2, tm_hour=8, tm_min=32, tm_sec=12, tm_wday=5, tm_yday=245, tm_isdst=0)"
[HorribleSubs] PriPri Chii-chan!! - 21 [1080p].mkv,"{'type': 'text/plain', 'language': None, 'base': 'http://horriblesubs.info/rss.php?res=1080', 'value': '[HorribleSubs] PriPri Chii-chan!! - 21 [1080p].mkv'}","[{'rel': 'alternate', 'type': 'text/html', 'href': 'magnet:?xt=urn:btih:G4BIDTBHH65PS6V6MWDNG4XV63G66QKO&tr=http://nyaa.tracker.wf:7777/announce&tr=udp://tracker.coppersurfer.tk:6969/announce&tr=udp://tracker.internetwarriors.net:1337/announce&tr=udp://tracker.leechersparadise.org:6969/announce&tr=udp://tracker.opentrackr.org:1337/announce&tr=udp://open.stealth.si:80/announce&tr=udp://p4p.arenabg.com:1337/announce&tr=udp://mgtracker.org:6969/announce&tr=udp://tracker.tiny-vps.com:6969/announce&tr=udp://peerfect.org:6969/announce&tr=http://share.camoe.cn:8080/announce&tr=http://t.nyaatracker.com:80/announce&tr=https://open.kickasstracker.com:443/announce'}]",magnet:?xt=urn:btih:G4BIDTBHH65PS6V6MWDNG4XV63G66QKO&tr=http://nyaa.tracker.wf:7777/announce&tr=udp://tracker.coppersurfer.tk:6969/announce&tr=udp://tracker.internetwarriors.net:1337/announce&tr=udp://tracker.leechersparadise.org:6969/announce&tr=udp://tracker.opentrackr.org:1337/announce&tr=udp://open.stealth.si:80/announce&tr=udp://p4p.arenabg.com:1337/announce&tr=udp://mgtracker.org:6969/announce&tr=udp://tracker.tiny-vps.com:6969/announce&tr=udp://peerfect.org:6969/announce&tr=http://share.camoe.cn:8080/announce&tr=http://t.nyaatracker.com:80/announce&tr=https://open.kickasstracker.com:443/announce,G4BIDTBHH65PS6V6MWDNG4XV63G66QKO,False,"Sat, 02 Sep 2017 07:30:30 +0000","time.struct_time(tm_year=2017, tm_mon=9, tm_mday=2, tm_hour=7, tm_min=30, tm_sec=30, tm_wday=5, tm_yday=245, tm_isdst=0)"
[HorribleSubs] 100% Pascal-sensei - 21 [1080p].mkv,"{'type': 'text/plain', 'language': None, 'base': 'http://horriblesubs.info/rss.php?res=1080', 'value': '[HorribleSubs] 100% Pascal-sensei - 21 [1080p].mkv'}","[{'rel': 'alternate', 'type': 'text/html', 'href': 'magnet:?xt=urn:btih:HF3SJ37CNMJHHVA7EUIUXIKQM4CLNU4D&tr=http://nyaa.tracker.wf:7777/announce&tr=udp://tracker.coppersurfer.tk:6969/announce&tr=udp://tracker.internetwarriors.net:1337/announce&tr=udp://tracker.leechersparadise.org:6969/announce&tr=udp://tracker.opentrackr.org:1337/announce&tr=udp://open.stealth.si:80/announce&tr=udp://p4p.arenabg.com:1337/announce&tr=udp://mgtracker.org:6969/announce&tr=udp://tracker.tiny-vps.com:6969/announce&tr=udp://peerfect.org:6969/announce&tr=http://share.camoe.cn:8080/announce&tr=http://t.nyaatracker.com:80/announce&tr=https://open.kickasstracker.com:443/announce'}]",magnet:?xt=urn:btih:HF3SJ37CNMJHHVA7EUIUXIKQM4CLNU4D&tr=http://nyaa.tracker.wf:7777/announce&tr=udp://tracker.coppersurfer.tk:6969/announce&tr=udp://tracker.internetwarriors.net:1337/announce&tr=udp://tracker.leechersparadise.org:6969/announce&tr=udp://tracker.opentrackr.org:1337/announce&tr=udp://open.stealth.si:80/announce&tr=udp://p4p.arenabg.com:1337/announce&tr=udp://mgtracker.org:6969/announce&tr=udp://tracker.tiny-vps.com:6969/announce&tr=udp://peerfect.org:6969/announce&tr=http://share.camoe.cn:8080/announce&tr=http://t.nyaatracker.com:80/announce&tr=https://open.kickasstracker.com:443/announce,HF3SJ37CNMJHHVA7EUIUXIKQM4CLNU4D,False,"Sat, 02 Sep 2017 06:45:11 +0000","time.struct_time(tm_year=2017, tm_mon=9, tm_mday=2, tm_hour=6, tm_min=45, tm_sec=11, tm_wday=5, tm_yday=245, tm_isdst=0)"
[HorribleSubs] Bonobono - 73 [1080p].mkv,"{'type': 'text/plain', 'language': None, 'base': 'http://horriblesubs.info/rss.php?res=1080', 'value': '[HorribleSubs] Bonobono - 73 [1080p].mkv'}","[{'rel': 'alternate', 'type': 'text/html', 'href': 'magnet:?xt=urn:btih:766DIPKRW4TONAY3WWRKB3RKDPJ4TCF7&tr=http://nyaa.tracker.wf:7777/announce&tr=udp://tracker.coppersurfer.tk:6969/announce&tr=udp://tracker.internetwarriors.net:1337/announce&tr=udp://tracker.leechersparadise.org:6969/announce&tr=udp://tracker.opentrackr.org:1337/announce&tr=udp://open.stealth.si:80/announce&tr=udp://p4p.arenabg.com:1337/announce&tr=udp://mgtracker.org:6969/announce&tr=udp://tracker.tiny-vps.com:6969/announce&tr=udp://peerfect.org:6969/announce&tr=http://share.camoe.cn:8080/announce&tr=http://t.nyaatracker.com:80/announce&tr=https://open.kickasstracker.com:443/announce'}]",magnet:?xt=urn:btih:766DIPKRW4TONAY3WWRKB3RKDPJ4TCF7&tr=http://nyaa.tracker.wf:7777/announce&tr=udp://tracker.coppersurfer.tk:6969/announce&tr=udp://tracker.internetwarriors.net:1337/announce&tr=udp://tracker.leechersparadise.org:6969/announce&tr=udp://tracker.opentrackr.org:1337/announce&tr=udp://open.stealth.si:80/announce&tr=udp://p4p.arenabg.com:1337/announce&tr=udp://mgtracker.org:6969/announce&tr=udp://tracker.tiny-vps.com:6969/announce&tr=udp://peerfect.org:6969/announce&tr=http://share.camoe.cn:8080/announce&tr=http://t.nyaatracker.com:80/announce&tr=https://open.kickasstracker.com:443/announce,766DIPKRW4TONAY3WWRKB3RKDPJ4TCF7,False,"Sat, 02 Sep 2017 00:12:20 +0000","time.struct_time(tm_year=2017, tm_mon=9, tm_mday=2, tm_hour=0, tm_min=12, tm_sec=20, tm_wday=5, tm_yday=245, tm_isdst=0)"
[HorribleSubs] Made in Abyss - 09 [1080p].mkv,"{'type': 'text/plain', 'language': None, 'base': 'http://horriblesubs.info/rss.php?res=1080', 'value': '[HorribleSubs] Made in Abyss - 09 [1080p].mkv'}","[{'rel': 'alternate', 'type': 'text/html', 'href': 'magnet:?xt=urn:btih:MDT3E5UCYSG37AZNELIQOBENI6JWWHWO&tr=http://nyaa.tracker.wf:7777/announce&tr=udp://tracker.coppersurfer.tk:6969/announce&tr=udp://tracker.internetwarriors.net:1337/announce&tr=udp://tracker.leechersparadise.org:6969/announce&tr=udp://tracker.opentrackr.org:1337/announce&tr=udp://open.stealth.si:80/announce&tr=udp://p4p.arenabg.com:1337/announce&tr=udp://mgtracker.org:6969/announce&tr=udp://tracker.tiny-vps.com:6969/announce&tr=udp://peerfect.org:6969/announce&tr=http://share.camoe.cn:8080/announce&tr=http://t.nyaatracker.com:80/announce&tr=https://open.kickasstracker.com:443/announce'}]",magnet:?xt=urn:btih:MDT3E5UCYSG37AZNELIQOBENI6JWWHWO&tr=http://nyaa.tracker.wf:7777/announce&tr=udp://tracker.coppersurfer.tk:6969/announce&tr=udp://tracker.internetwarriors.net:1337/announce&tr=udp://tracker.leechersparadise.org:6969/announce&tr=udp://tracker.opentrackr.org:1337/announce&tr=udp://open.stealth.si:80/announce&tr=udp://p4p.arenabg.com:1337/announce&tr=udp://mgtracker.org:6969/announce&tr=udp://tracker.tiny-vps.com:6969/announce&tr=udp://peerfect.org:6969/announce&tr=http://share.camoe.cn:8080/announce&tr=http://t.nyaatracker.com:80/announce&tr=https://open.kickasstracker.com:443/announce,MDT3E5UCYSG37AZNELIQOBENI6JWWHWO,False,"Fri, 01 Sep 2017 20:25:08 +0000","time.struct_time(tm_year=2017, tm_mon=9, tm_mday=1, tm_hour=20, tm_min=25, tm_sec=8, tm_wday=4, tm_yday=244, tm_isdst=0)"
[HorribleSubs] Jikan no Shihaisha - 09 [1080p].mkv,"{'type': 'text/plain', 'language': None, 'base': 'http://horriblesubs.info/rss.php?res=1080', 'value': '[HorribleSubs] Jikan no Shihaisha - 09 [1080p].mkv'}","[{'rel': 'alternate', 'type': 'text/html', 'href': 'magnet:?xt=urn:btih:7O42BJYRW2P6J6P7D27TJD3MUVVUQPKW&tr=http://nyaa.tracker.wf:7777/announce&tr=udp://tracker.coppersurfer.tk:6969/announce&tr=udp://tracker.internetwarriors.net:1337/announce&tr=udp://tracker.leechersparadise.org:6969/announce&tr=udp://tracker.opentrackr.org:1337/announce&tr=udp://open.stealth.si:80/announce&tr=udp://p4p.arenabg.com:1337/announce&tr=udp://mgtracker.org:6969/announce&tr=udp://tracker.tiny-vps.com:6969/announce&tr=udp://peerfect.org:6969/announce&tr=http://share.camoe.cn:8080/announce&tr=http://t.nyaatracker.com:80/announce&tr=https://open.kickasstracker.com:443/announce'}]",magnet:?xt=urn:btih:7O42BJYRW2P6J6P7D27TJD3MUVVUQPKW&tr=http://nyaa.tracker.wf:7777/announce&tr=udp://tracker.coppersurfer.tk:6969/announce&tr=udp://tracker.internetwarriors.net:1337/announce&tr=udp://tracker.leechersparadise.org:6969/announce&tr=udp://tracker.opentrackr.org:1337/announce&tr=udp://open.stealth.si:80/announce&tr=udp://p4p.arenabg.com:1337/announce&tr=udp://mgtracker.org:6969/announce&tr=udp://tracker.tiny-vps.com:6969/announce&tr=udp://peerfect.org:6969/announce&tr=http://share.camoe.cn:8080/announce&tr=http://t.nyaatracker.com:80/announce&tr=https://open.kickasstracker.com:443/announce,7O42BJYRW2P6J6P7D27TJD3MUVVUQPKW,False,"Fri, 01 Sep 2017 18:23:31 +0000","time.struct_time(tm_year=2017, tm_mon=9, tm_mday=1, tm_hour=18, tm_min=23, tm_sec=31, tm_wday=4, tm_yday=244, tm_isdst=0)"
[HorribleSubs] Nobunaga no Shinobi - 48 [1080p].mkv,"{'type': 'text/plain', 'language': None, 'base': 'http://horriblesubs.info/rss.php?res=1080', 'value': '[HorribleSubs] Nobunaga no Shinobi - 48 [1080p].mkv'}","[{'rel': 'alternate', 'type': 'text/html', 'href': 'magnet:?xt=urn:btih:C4PU4NB5WIED76BJBEEHG7E3J3C2EEGK&tr=http://nyaa.tracker.wf:7777/announce&tr=udp://tracker.coppersurfer.tk:6969/announce&tr=udp://tracker.internetwarriors.net:1337/announce&tr=udp://tracker.leechersparadise.org:6969/announce&tr=udp://tracker.opentrackr.org:1337/announce&tr=udp://open.stealth.si:80/announce&tr=udp://p4p.arenabg.com:1337/announce&tr=udp://mgtracker.org:6969/announce&tr=udp://tracker.tiny-vps.com:6969/announce&tr=udp://peerfect.org:6969/announce&tr=http://share.camoe.cn:8080/announce&tr=http://t.nyaatracker.com:80/announce&tr=https://open.kickasstracker.com:443/announce'}]",magnet:?xt=urn:btih:C4PU4NB5WIED76BJBEEHG7E3J3C2EEGK&tr=http://nyaa.tracker.wf:7777/announce&tr=udp://tracker.coppersurfer.tk:6969/announce&tr=udp://tracker.internetwarriors.net:1337/announce&tr=udp://tracker.leechersparadise.org:6969/announce&tr=udp://tracker.opentrackr.org:1337/announce&tr=udp://open.stealth.si:80/announce&tr=udp://p4p.arenabg.com:1337/announce&tr=udp://mgtracker.org:6969/announce&tr=udp://tracker.tiny-vps.com:6969/announce&tr=udp://peerfect.org:6969/announce&tr=http://share.camoe.cn:8080/announce&tr=http://t.nyaatracker.com:80/announce&tr=https://open.kickasstracker.com:443/announce,C4PU4NB5WIED76BJBEEHG7E3J3C2EEGK,False,"Fri, 01 Sep 2017 18:22:52 +0000","time.struct_time(tm_year=2017, tm_mon=9, tm_mday=1, tm_hour=18, tm_min=22, tm_sec=52, tm_wday=4, tm_yday=244, tm_isdst=0)"
[HorribleSubs] Shoukoku no Altair - 08 [1080p].mkv,"{'type': 'text/plain', 'language': None, 'base': 'http://horriblesubs.info/rss.php?res=1080', 'value': '[HorribleSubs] Shoukoku no Altair - 08 [1080p].mkv'}","[{'rel': 'alternate', 'type': 'text/html', 'href': 'magnet:?xt=urn:btih:EN7K7BXVX7V6QT67SW53NOHBAGXIFSNS&tr=http://nyaa.tracker.wf:7777/announce&tr=udp://tracker.coppersurfer.tk:6969/announce&tr=udp://tracker.internetwarriors.net:1337/announce&tr=udp://tracker.leechersparadise.org:6969/announce&tr=udp://tracker.opentrackr.org:1337/announce&tr=udp://open.stealth.si:80/announce&tr=udp://p4p.arenabg.com:1337/announce&tr=udp://mgtracker.org:6969/announce&tr=udp://tracker.tiny-vps.com:6969/announce&tr=udp://peerfect.org:6969/announce&tr=http://share.camoe.cn:8080/announce&tr=http://t.nyaatracker.com:80/announce&tr=https://open.kickasstracker.com:443/announce'}]",magnet:?xt=urn:btih:EN7K7BXVX7V6QT67SW53NOHBAGXIFSNS&tr=http://nyaa.tracker.wf:7777/announce&tr=udp://tracker.coppersurfer.tk:6969/announce&tr=udp://tracker.internetwarriors.net:1337/announce&tr=udp://tracker.leechersparadise.org:6969/announce&tr=udp://tracker.opentrackr.org:1337/announce&tr=udp://open.stealth.si:80/announce&tr=udp://p4p.arenabg.com:1337/announce&tr=udp://mgtracker.org:6969/announce&tr=udp://tracker.tiny-vps.com:6969/announce&tr=udp://peerfect.org:6969/announce&tr=http://share.camoe.cn:8080/announce&tr=http://t.nyaatracker.com:80/announce&tr=https://open.kickasstracker.com:443/announce,EN7K7BXVX7V6QT67SW53NOHBAGXIFSNS,False,"Fri, 01 Sep 2017 18:18:16 +0000","time.struct_time(tm_year=2017, tm_mon=9, tm_mday=1, tm_hour=18, tm_min=18, tm_sec=16, tm_wday=4, tm_yday=244, tm_isdst=0)"
[HorribleSubs] Shingeki no Bahamut - Virgin Soul - 20 [1080p].mkv,"{'type': 'text/plain', 'language': None, 'base': 'http://horriblesubs.info/rss.php?res=1080', 'value': '[HorribleSubs] Shingeki no Bahamut - Virgin Soul - 20 [1080p].mkv'}","[{'rel': 'alternate', 'type': 'text/html', 'href': 'magnet:?xt=urn:btih:E7WP7HQYH2YXWQLDO2QB43CS3S5IWZ36&tr=http://nyaa.tracker.wf:7777/announce&tr=udp://tracker.coppersurfer.tk:6969/announce&tr=udp://tracker.internetwarriors.net:1337/announce&tr=udp://tracker.leechersparadise.org:6969/announce&tr=udp://tracker.opentrackr.org:1337/announce&tr=udp://open.stealth.si:80/announce&tr=udp://p4p.arenabg.com:1337/announce&tr=udp://mgtracker.org:6969/announce&tr=udp://tracker.tiny-vps.com:6969/announce&tr=udp://peerfect.org:6969/announce&tr=http://share.camoe.cn:8080/announce&tr=http://t.nyaatracker.com:80/announce&tr=https://open.kickasstracker.com:443/announce'}]",magnet:?xt=urn:btih:E7WP7HQYH2YXWQLDO2QB43CS3S5IWZ36&tr=http://nyaa.tracker.wf:7777/announce&tr=udp://tracker.coppersurfer.tk:6969/announce&tr=udp://tracker.internetwarriors.net:1337/announce&tr=udp://tracker.leechersparadise.org:6969/announce&tr=udp://tracker.opentrackr.org:1337/announce&tr=udp://open.stealth.si:80/announce&tr=udp://p4p.arenabg.com:1337/announce&tr=udp://mgtracker.org:6969/announce&tr=udp://tracker.tiny-vps.com:6969/announce&tr=udp://peerfect.org:6969/announce&tr=http://share.camoe.cn:8080/announce&tr=http://t.nyaatracker.com:80/announce&tr=https://open.kickasstracker.com:443/announce,E7WP7HQYH2YXWQLDO2QB43CS3S5IWZ36,False,"Fri, 01 Sep 2017 18:03:10 +0000","time.struct_time(tm_year=2017, tm_mon=9, tm_mday=1, tm_hour=18, tm_min=3, tm_sec=10, tm_wday=4, tm_yday=244, tm_isdst=0)"
[HorribleSubs] 18if - 09 [1080p].mkv,"{'type': 'text/plain', 'language': None, 'base': 'http://horriblesubs.info/rss.php?res=1080', 'value': '[HorribleSubs] 18if - 09 [1080p].mkv'}","[{'rel': 'alternate', 'type': 'text/html', 'href': 'magnet:?xt=urn:btih:RYMGXZP6UA7VFGHLCOEPUHYBOIVXRJJ7&tr=http://nyaa.tracker.wf:7777/announce&tr=udp://tracker.coppersurfer.tk:6969/announce&tr=udp://tracker.internetwarriors.net:1337/announce&tr=udp://tracker.leechersparadise.org:6969/announce&tr=udp://tracker.opentrackr.org:1337/announce&tr=udp://open.stealth.si:80/announce&tr=udp://p4p.arenabg.com:1337/announce&tr=udp://mgtracker.org:6969/announce&tr=udp://tracker.tiny-vps.com:6969/announce&tr=udp://peerfect.org:6969/announce&tr=http://share.camoe.cn:8080/announce&tr=http://t.nyaatracker.com:80/announce&tr=https://open.kickasstracker.com:443/announce'}]",magnet:?xt=urn:btih:RYMGXZP6UA7VFGHLCOEPUHYBOIVXRJJ7&tr=http://nyaa.tracker.wf:7777/announce&tr=udp://tracker.coppersurfer.tk:6969/announce&tr=udp://tracker.internetwarriors.net:1337/announce&tr=udp://tracker.leechersparadise.org:6969/announce&tr=udp://tracker.opentrackr.org:1337/announce&tr=udp://open.stealth.si:80/announce&tr=udp://p4p.arenabg.com:1337/announce&tr=udp://mgtracker.org:6969/announce&tr=udp://tracker.tiny-vps.com:6969/announce&tr=udp://peerfect.org:6969/announce&tr=http://share.camoe.cn:8080/announce&tr=http://t.nyaatracker.com:80/announce&tr=https://open.kickasstracker.com:443/announce,RYMGXZP6UA7VFGHLCOEPUHYBOIVXRJJ7,False,"Fri, 01 Sep 2017 17:16:32 +0000","time.struct_time(tm_year=2017, tm_mon=9, tm_mday=1, tm_hour=17, tm_min=16, tm_sec=32, tm_wday=4, tm_yday=244, tm_isdst=0)"
[HorribleSubs] Jigoku Shoujo - Yoi no Togi - 08 [1080p].mkv,"{'type': 'text/plain', 'language': None, 'base': 'http://horriblesubs.info/rss.php?res=1080', 'value': '[HorribleSubs] Jigoku Shoujo - Yoi no Togi - 08 [1080p].mkv'}","[{'rel': 'alternate', 'type': 'text/html', 'href': 'magnet:?xt=urn:btih:CFI7G5B5RFINDIFEAPO3WHBQ7WUVKXGU&tr=http://nyaa.tracker.wf:7777/announce&tr=udp://tracker.coppersurfer.tk:6969/announce&tr=udp://tracker.internetwarriors.net:1337/announce&tr=udp://tracker.leechersparadise.org:6969/announce&tr=udp://tracker.opentrackr.org:1337/announce&tr=udp://open.stealth.si:80/announce&tr=udp://p4p.arenabg.com:1337/announce&tr=udp://mgtracker.org:6969/announce&tr=udp://tracker.tiny-vps.com:6969/announce&tr=udp://peerfect.org:6969/announce&tr=http://share.camoe.cn:8080/announce&tr=http://t.nyaatracker.com:80/announce&tr=https://open.kickasstracker.com:443/announce'}]",magnet:?xt=urn:btih:CFI7G5B5RFINDIFEAPO3WHBQ7WUVKXGU&tr=http://nyaa.tracker.wf:7777/announce&tr=udp://tracker.coppersurfer.tk:6969/announce&tr=udp://tracker.internetwarriors.net:1337/announce&tr=udp://tracker.leechersparadise.org:6969/announce&tr=udp://tracker.opentrackr.org:1337/announce&tr=udp://open.stealth.si:80/announce&tr=udp://p4p.arenabg.com:1337/announce&tr=udp://mgtracker.org:6969/announce&tr=udp://tracker.tiny-vps.com:6969/announce&tr=udp://peerfect.org:6969/announce&tr=http://share.camoe.cn:8080/announce&tr=http://t.nyaatracker.com:80/announce&tr=https://open.kickasstracker.com:443/announce,CFI7G5B5RFINDIFEAPO3WHBQ7WUVKXGU,False,"Fri, 01 Sep 2017 16:58:49 +0000","time.struct_time(tm_year=2017, tm_mon=9, tm_mday=1, tm_hour=16, tm_min=58, tm_sec=49, tm_wday=4, tm_yday=244, tm_isdst=0)"
[HorribleSubs] Ikemen Sengoku - 08 [1080p].mkv,"{'type': 'text/plain', 'language': None, 'base': 'http://horriblesubs.info/rss.php?res=1080', 'value': '[HorribleSubs] Ikemen Sengoku - 08 [1080p].mkv'}","[{'rel': 'alternate', 'type': 'text/html', 'href': 'magnet:?xt=urn:btih:HGGDGUQ4LJFHMBM5VAGZGJBJM4ABIBAX&tr=http://nyaa.tracker.wf:7777/announce&tr=udp://tracker.coppersurfer.tk:6969/announce&tr=udp://tracker.internetwarriors.net:1337/announce&tr=udp://tracker.leechersparadise.org:6969/announce&tr=udp://tracker.opentrackr.org:1337/announce&tr=udp://open.stealth.si:80/announce&tr=udp://p4p.arenabg.com:1337/announce&tr=udp://mgtracker.org:6969/announce&tr=udp://tracker.tiny-vps.com:6969/announce&tr=udp://peerfect.org:6969/announce&tr=http://share.camoe.cn:8080/announce&tr=http://t.nyaatracker.com:80/announce&tr=https://open.kickasstracker.com:443/announce'}]",magnet:?xt=urn:btih:HGGDGUQ4LJFHMBM5VAGZGJBJM4ABIBAX&tr=http://nyaa.tracker.wf:7777/announce&tr=udp://tracker.coppersurfer.tk:6969/announce&tr=udp://tracker.internetwarriors.net:1337/announce&tr=udp://tracker.leechersparadise.org:6969/announce&tr=udp://tracker.opentrackr.org:1337/announce&tr=udp://open.stealth.si:80/announce&tr=udp://p4p.arenabg.com:1337/announce&tr=udp://mgtracker.org:6969/announce&tr=udp://tracker.tiny-vps.com:6969/announce&tr=udp://peerfect.org:6969/announce&tr=http://share.camoe.cn:8080/announce&tr=http://t.nyaatracker.com:80/announce&tr=https://open.kickasstracker.com:443/announce,HGGDGUQ4LJFHMBM5VAGZGJBJM4ABIBAX,False,"Thu, 31 Aug 2017 20:23:09 +0000","time.struct_time(tm_year=2017, tm_mon=8, tm_mday=31, tm_hour=20, tm_min=23, tm_sec=9, tm_wday=3, tm_yday=243, tm_isdst=0)"
[HorribleSubs] Konbini Kareshi - 08 [1080p].mkv,"{'type': 'text/plain', 'language': None, 'base': 'http://horriblesubs.info/rss.php?res=1080', 'value': '[HorribleSubs] Konbini Kareshi - 08 [1080p].mkv'}","[{'rel': 'alternate', 'type': 'text/html', 'href': 'magnet:?xt=urn:btih:WDEI4GDG3MM3ZNPJXDLXDZU3LO6WVYZM&tr=http://nyaa.tracker.wf:7777/announce&tr=udp://tracker.coppersurfer.tk:6969/announce&tr=udp://tracker.internetwarriors.net:1337/announce&tr=udp://tracker.leechersparadise.org:6969/announce&tr=udp://tracker.opentrackr.org:1337/announce&tr=udp://open.stealth.si:80/announce&tr=udp://p4p.arenabg.com:1337/announce&tr=udp://mgtracker.org:6969/announce&tr=udp://tracker.tiny-vps.com:6969/announce&tr=udp://peerfect.org:6969/announce&tr=http://share.camoe.cn:8080/announce&tr=http://t.nyaatracker.com:80/announce&tr=https://open.kickasstracker.com:443/announce'}]",magnet:?xt=urn:btih:WDEI4GDG3MM3ZNPJXDLXDZU3LO6WVYZM&tr=http://nyaa.tracker.wf:7777/announce&tr=udp://tracker.coppersurfer.tk:6969/announce&tr=udp://tracker.internetwarriors.net:1337/announce&tr=udp://tracker.leechersparadise.org:6969/announce&tr=udp://tracker.opentrackr.org:1337/announce&tr=udp://open.stealth.si:80/announce&tr=udp://p4p.arenabg.com:1337/announce&tr=udp://mgtracker.org:6969/announce&tr=udp://tracker.tiny-vps.com:6969/announce&tr=udp://peerfect.org:6969/announce&tr=http://share.camoe.cn:8080/announce&tr=http://t.nyaatracker.com:80/announce&tr=https://open.kickasstracker.com:443/announce,WDEI4GDG3MM3ZNPJXDLXDZU3LO6WVYZM,False,"Thu, 31 Aug 2017 20:12:45 +0000","time.struct_time(tm_year=2017, tm_mon=8, tm_mday=31, tm_hour=20, tm_min=12, tm_sec=45, tm_wday=3, tm_yday=243, tm_isdst=0)"
[HorribleSubs] Gamers! - 08 [1080p].mkv,"{'type': 'text/plain', 'language': None, 'base': 'http://horriblesubs.info/rss.php?res=1080', 'value': '[HorribleSubs] Gamers! - 08 [1080p].mkv'}","[{'rel': 'alternate', 'type': 'text/html', 'href': 'magnet:?xt=urn:btih:XRECHMWTP22VSFVBCFKZINIFRIM545W3&tr=http://nyaa.tracker.wf:7777/announce&tr=udp://tracker.coppersurfer.tk:6969/announce&tr=udp://tracker.internetwarriors.net:1337/announce&tr=udp://tracker.leechersparadise.org:6969/announce&tr=udp://tracker.opentrackr.org:1337/announce&tr=udp://open.stealth.si:80/announce&tr=udp://p4p.arenabg.com:1337/announce&tr=udp://mgtracker.org:6969/announce&tr=udp://tracker.tiny-vps.com:6969/announce&tr=udp://peerfect.org:6969/announce&tr=http://share.camoe.cn:8080/announce&tr=http://t.nyaatracker.com:80/announce&tr=https://open.kickasstracker.com:443/announce'}]",magnet:?xt=urn:btih:XRECHMWTP22VSFVBCFKZINIFRIM545W3&tr=http://nyaa.tracker.wf:7777/announce&tr=udp://tracker.coppersurfer.tk:6969/announce&tr=udp://tracker.internetwarriors.net:1337/announce&tr=udp://tracker.leechersparadise.org:6969/announce&tr=udp://tracker.opentrackr.org:1337/announce&tr=udp://open.stealth.si:80/announce&tr=udp://p4p.arenabg.com:1337/announce&tr=udp://mgtracker.org:6969/announce&tr=udp://tracker.tiny-vps.com:6969/announce&tr=udp://peerfect.org:6969/announce&tr=http://share.camoe.cn:8080/announce&tr=http://t.nyaatracker.com:80/announce&tr=https://open.kickasstracker.com:443/announce,XRECHMWTP22VSFVBCFKZINIFRIM545W3,False,"Thu, 31 Aug 2017 19:46:16 +0000","time.struct_time(tm_year=2017, tm_mon=8, tm_mday=31, tm_hour=19, tm_min=46, tm_sec=16, tm_wday=3, tm_yday=243, tm_isdst=0)"
[HorribleSubs] Sakura Quest - 22 [1080p].mkv,"{'type': 'text/plain', 'language': None, 'base': 'http://horriblesubs.info/rss.php?res=1080', 'value': '[HorribleSubs] Sakura Quest - 22 [1080p].mkv'}","[{'rel': 'alternate', 'type': 'text/html', 'href': 'magnet:?xt=urn:btih:BAYLQDWAOQJD7E2FFFITRKK7R7OPX2FW&tr=http://nyaa.tracker.wf:7777/announce&tr=udp://tracker.coppersurfer.tk:6969/announce&tr=udp://tracker.internetwarriors.net:1337/announce&tr=udp://tracker.leechersparadise.org:6969/announce&tr=udp://tracker.opentrackr.org:1337/announce&tr=udp://open.stealth.si:80/announce&tr=udp://p4p.arenabg.com:1337/announce&tr=udp://mgtracker.org:6969/announce&tr=udp://tracker.tiny-vps.com:6969/announce&tr=udp://peerfect.org:6969/announce&tr=http://share.camoe.cn:8080/announce&tr=http://t.nyaatracker.com:80/announce&tr=https://open.kickasstracker.com:443/announce'}]",magnet:?xt=urn:btih:BAYLQDWAOQJD7E2FFFITRKK7R7OPX2FW&tr=http://nyaa.tracker.wf:7777/announce&tr=udp://tracker.coppersurfer.tk:6969/announce&tr=udp://tracker.internetwarriors.net:1337/announce&tr=udp://tracker.leechersparadise.org:6969/announce&tr=udp://tracker.opentrackr.org:1337/announce&tr=udp://open.stealth.si:80/announce&tr=udp://p4p.arenabg.com:1337/announce&tr=udp://mgtracker.org:6969/announce&tr=udp://tracker.tiny-vps.com:6969/announce&tr=udp://peerfect.org:6969/announce&tr=http://share.camoe.cn:8080/announce&tr=http://t.nyaatracker.com:80/announce&tr=https://open.kickasstracker.com:443/announce,BAYLQDWAOQJD7E2FFFITRKK7R7OPX2FW,False,"Thu, 31 Aug 2017 17:29:07 +0000","time.struct_time(tm_year=2017, tm_mon=8, tm_mday=31, tm_hour=17, tm_min=29, tm_sec=7, tm_wday=3, tm_yday=243, tm_isdst=0)"
[HorribleSubs] Dive!! - 09 [1080p].mkv,"{'type': 'text/plain', 'language': None, 'base': 'http://horriblesubs.info/rss.php?res=1080', 'value': '[HorribleSubs] Dive!! - 09 [1080p].mkv'}","[{'rel': 'alternate', 'type': 'text/html', 'href': 'magnet:?xt=urn:btih:PJBA6HLYHWDBTOMS467OZDLT2LCUDEE6&tr=http://nyaa.tracker.wf:7777/announce&tr=udp://tracker.coppersurfer.tk:6969/announce&tr=udp://tracker.internetwarriors.net:1337/announce&tr=udp://tracker.leechersparadise.org:6969/announce&tr=udp://tracker.opentrackr.org:1337/announce&tr=udp://open.stealth.si:80/announce&tr=udp://p4p.arenabg.com:1337/announce&tr=udp://mgtracker.org:6969/announce&tr=udp://tracker.tiny-vps.com:6969/announce&tr=udp://peerfect.org:6969/announce&tr=http://share.camoe.cn:8080/announce&tr=http://t.nyaatracker.com:80/announce&tr=https://open.kickasstracker.com:443/announce'}]",magnet:?xt=urn:btih:PJBA6HLYHWDBTOMS467OZDLT2LCUDEE6&tr=http://nyaa.tracker.wf:7777/announce&tr=udp://tracker.coppersurfer.tk:6969/announce&tr=udp://tracker.internetwarriors.net:1337/announce&tr=udp://tracker.leechersparadise.org:6969/announce&tr=udp://tracker.opentrackr.org:1337/announce&tr=udp://open.stealth.si:80/announce&tr=udp://p4p.arenabg.com:1337/announce&tr=udp://mgtracker.org:6969/announce&tr=udp://tracker.tiny-vps.com:6969/announce&tr=udp://peerfect.org:6969/announce&tr=http://share.camoe.cn:8080/announce&tr=http://t.nyaatracker.com:80/announce&tr=https://open.kickasstracker.com:443/announce,PJBA6HLYHWDBTOMS467OZDLT2LCUDEE6,False,"Thu, 31 Aug 2017 17:16:26 +0000","time.struct_time(tm_year=2017, tm_mon=8, tm_mday=31, tm_hour=17, tm_min=16, tm_sec=26, tm_wday=3, tm_yday=243, tm_isdst=0)"
[HorribleSubs] Sagrada Reset - 22 [1080p].mkv,"{'type': 'text/plain', 'language': None, 'base': 'http://horriblesubs.info/rss.php?res=1080', 'value': '[HorribleSubs] Sagrada Reset - 22 [1080p].mkv'}","[{'rel': 'alternate', 'type': 'text/html', 'href': 'magnet:?xt=urn:btih:MX5MIHRIQ7ANIM3O7QGJWT4YJN4MJW7P&tr=http://nyaa.tracker.wf:7777/announce&tr=udp://tracker.coppersurfer.tk:6969/announce&tr=udp://tracker.internetwarriors.net:1337/announce&tr=udp://tracker.leechersparadise.org:6969/announce&tr=udp://tracker.opentrackr.org:1337/announce&tr=udp://open.stealth.si:80/announce&tr=udp://p4p.arenabg.com:1337/announce&tr=udp://mgtracker.org:6969/announce&tr=udp://tracker.tiny-vps.com:6969/announce&tr=udp://peerfect.org:6969/announce&tr=http://share.camoe.cn:8080/announce&tr=http://t.nyaatracker.com:80/announce&tr=https://open.kickasstracker.com:443/announce'}]",magnet:?xt=urn:btih:MX5MIHRIQ7ANIM3O7QGJWT4YJN4MJW7P&tr=http://nyaa.tracker.wf:7777/announce&tr=udp://tracker.coppersurfer.tk:6969/announce&tr=udp://tracker.internetwarriors.net:1337/announce&tr=udp://tracker.leechersparadise.org:6969/announce&tr=udp://tracker.opentrackr.org:1337/announce&tr=udp://open.stealth.si:80/announce&tr=udp://p4p.arenabg.com:1337/announce&tr=udp://mgtracker.org:6969/announce&tr=udp://tracker.tiny-vps.com:6969/announce&tr=udp://peerfect.org:6969/announce&tr=http://share.camoe.cn:8080/announce&tr=http://t.nyaatracker.com:80/announce&tr=https://open.kickasstracker.com:443/announce,MX5MIHRIQ7ANIM3O7QGJWT4YJN4MJW7P,False,"Thu, 31 Aug 2017 16:17:16 +0000","time.struct_time(tm_year=2017, tm_mon=8, tm_mday=31, tm_hour=16, tm_min=17, tm_sec=16, tm_wday=3, tm_yday=243, tm_isdst=0)"
[HorribleSubs] Clione no Akari - 08 [1080p].mkv,"{'type': 'text/plain', 'language': None, 'base': 'http://horriblesubs.info/rss.php?res=1080', 'value': '[HorribleSubs] Clione no Akari - 08 [1080p].mkv'}","[{'rel': 'alternate', 'type': 'text/html', 'href': 'magnet:?xt=urn:btih:4DPPZHAZ7Z62I4ESYGRY3N4P34IMO4KC&tr=http://nyaa.tracker.wf:7777/announce&tr=udp://tracker.coppersurfer.tk:6969/announce&tr=udp://tracker.internetwarriors.net:1337/announce&tr=udp://tracker.leechersparadise.org:6969/announce&tr=udp://tracker.opentrackr.org:1337/announce&tr=udp://open.stealth.si:80/announce&tr=udp://p4p.arenabg.com:1337/announce&tr=udp://mgtracker.org:6969/announce&tr=udp://tracker.tiny-vps.com:6969/announce&tr=udp://peerfect.org:6969/announce&tr=http://share.camoe.cn:8080/announce&tr=http://t.nyaatracker.com:80/announce&tr=https://open.kickasstracker.com:443/announce'}]",magnet:?xt=urn:btih:4DPPZHAZ7Z62I4ESYGRY3N4P34IMO4KC&tr=http://nyaa.tracker.wf:7777/announce&tr=udp://tracker.coppersurfer.tk:6969/announce&tr=udp://tracker.internetwarriors.net:1337/announce&tr=udp://tracker.leechersparadise.org:6969/announce&tr=udp://tracker.opentrackr.org:1337/announce&tr=udp://open.stealth.si:80/announce&tr=udp://p4p.arenabg.com:1337/announce&tr=udp://mgtracker.org:6969/announce&tr=udp://tracker.tiny-vps.com:6969/announce&tr=udp://peerfect.org:6969/announce&tr=http://share.camoe.cn:8080/announce&tr=http://t.nyaatracker.com:80/announce&tr=https://open.kickasstracker.com:443/announce,4DPPZHAZ7Z62I4ESYGRY3N4P34IMO4KC,False,"Wed, 30 Aug 2017 22:34:19 +0000","time.struct_time(tm_year=2017, tm_mon=8, tm_mday=30, tm_hour=22, tm_min=34, tm_sec=19, tm_wday=2, tm_yday=242, tm_isdst=0)"
[HorribleSubs] Musekinin Galaxy Tylor - 08 [1080p].mkv,"{'type': 'text/plain', 'language': None, 'base': 'http://horriblesubs.info/rss.php?res=1080', 'value': '[HorribleSubs] Musekinin Galaxy Tylor - 08 [1080p].mkv'}","[{'rel': 'alternate', 'type': 'text/html', 'href': 'magnet:?xt=urn:btih:WPBKHCGM5AI57GLKGOXA2VR3NQOKECQT&tr=http://nyaa.tracker.wf:7777/announce&tr=udp://tracker.coppersurfer.tk:6969/announce&tr=udp://tracker.internetwarriors.net:1337/announce&tr=udp://tracker.leechersparadise.org:6969/announce&tr=udp://tracker.opentrackr.org:1337/announce&tr=udp://open.stealth.si:80/announce&tr=udp://p4p.arenabg.com:1337/announce&tr=udp://mgtracker.org:6969/announce&tr=udp://tracker.tiny-vps.com:6969/announce&tr=udp://peerfect.org:6969/announce&tr=http://share.camoe.cn:8080/announce&tr=http://t.nyaatracker.com:80/announce&tr=https://open.kickasstracker.com:443/announce'}]",magnet:?xt=urn:btih:WPBKHCGM5AI57GLKGOXA2VR3NQOKECQT&tr=http://nyaa.tracker.wf:7777/announce&tr=udp://tracker.coppersurfer.tk:6969/announce&tr=udp://tracker.internetwarriors.net:1337/announce&tr=udp://tracker.leechersparadise.org:6969/announce&tr=udp://tracker.opentrackr.org:1337/announce&tr=udp://open.stealth.si:80/announce&tr=udp://p4p.arenabg.com:1337/announce&tr=udp://mgtracker.org:6969/announce&tr=udp://tracker.tiny-vps.com:6969/announce&tr=udp://peerfect.org:6969/announce&tr=http://share.camoe.cn:8080/announce&tr=http://t.nyaatracker.com:80/announce&tr=https://open.kickasstracker.com:443/announce,WPBKHCGM5AI57GLKGOXA2VR3NQOKECQT,False,"Wed, 30 Aug 2017 16:31:02 +0000","time.struct_time(tm_year=2017, tm_mon=8, tm_mday=30, tm_hour=16, tm_min=31, tm_sec=2, tm_wday=2, tm_yday=242, tm_isdst=0)"
[HorribleSubs] Youkoso Jitsuryoku Shijou Shugi no Kyoushitsu e - 08 [1080p].mkv,"{'type': 'text/plain', 'language': None, 'base': 'http://horriblesubs.info/rss.php?res=1080', 'value': '[HorribleSubs] Youkoso Jitsuryoku Shijou Shugi no Kyoushitsu e - 08 [1080p].mkv'}","[{'rel': 'alternate', 'type': 'text/html', 'href': 'magnet:?xt=urn:btih:O2EC2SYOOUJVFBIEK32X7ALRFVEATUL7&tr=http://nyaa.tracker.wf:7777/announce&tr=udp://tracker.coppersurfer.tk:6969/announce&tr=udp://tracker.internetwarriors.net:1337/announce&tr=udp://tracker.leechersparadise.org:6969/announce&tr=udp://tracker.opentrackr.org:1337/announce&tr=udp://open.stealth.si:80/announce&tr=udp://p4p.arenabg.com:1337/announce&tr=udp://mgtracker.org:6969/announce&tr=udp://tracker.tiny-vps.com:6969/announce&tr=udp://peerfect.org:6969/announce&tr=http://share.camoe.cn:8080/announce&tr=http://t.nyaatracker.com:80/announce&tr=https://open.kickasstracker.com:443/announce'}]",magnet:?xt=urn:btih:O2EC2SYOOUJVFBIEK32X7ALRFVEATUL7&tr=http://nyaa.tracker.wf:7777/announce&tr=udp://tracker.coppersurfer.tk:6969/announce&tr=udp://tracker.internetwarriors.net:1337/announce&tr=udp://tracker.leechersparadise.org:6969/announce&tr=udp://tracker.opentrackr.org:1337/announce&tr=udp://open.stealth.si:80/announce&tr=udp://p4p.arenabg.com:1337/announce&tr=udp://mgtracker.org:6969/announce&tr=udp://tracker.tiny-vps.com:6969/announce&tr=udp://peerfect.org:6969/announce&tr=http://share.camoe.cn:8080/announce&tr=http://t.nyaatracker.com:80/announce&tr=https://open.kickasstracker.com:443/announce,O2EC2SYOOUJVFBIEK32X7ALRFVEATUL7,False,"Wed, 30 Aug 2017 16:09:12 +0000","time.struct_time(tm_year=2017, tm_mon=8, tm_mday=30, tm_hour=16, tm_min=9, tm_sec=12, tm_wday=2, tm_yday=242, tm_isdst=0)"
[HorribleSubs] Teekyu S9 - 104 [1080p].mkv,"{'type': 'text/plain', 'language': None, 'base': 'http://horriblesubs.info/rss.php?res=1080', 'value': '[HorribleSubs] Teekyu S9 - 104 [1080p].mkv'}","[{'rel': 'alternate', 'type': 'text/html', 'href': 'magnet:?xt=urn:btih:AOUK6SZBGY7JFSDK4TPEUN4BT7DWMNCJ&tr=http://nyaa.tracker.wf:7777/announce&tr=udp://tracker.coppersurfer.tk:6969/announce&tr=udp://tracker.internetwarriors.net:1337/announce&tr=udp://tracker.leechersparadise.org:6969/announce&tr=udp://tracker.opentrackr.org:1337/announce&tr=udp://open.stealth.si:80/announce&tr=udp://p4p.arenabg.com:1337/announce&tr=udp://mgtracker.org:6969/announce&tr=udp://tracker.tiny-vps.com:6969/announce&tr=udp://peerfect.org:6969/announce&tr=http://share.camoe.cn:8080/announce&tr=http://t.nyaatracker.com:80/announce&tr=https://open.kickasstracker.com:443/announce'}]",magnet:?xt=urn:btih:AOUK6SZBGY7JFSDK4TPEUN4BT7DWMNCJ&tr=http://nyaa.tracker.wf:7777/announce&tr=udp://tracker.coppersurfer.tk:6969/announce&tr=udp://tracker.internetwarriors.net:1337/announce&tr=udp://tracker.leechersparadise.org:6969/announce&tr=udp://tracker.opentrackr.org:1337/announce&tr=udp://open.stealth.si:80/announce&tr=udp://p4p.arenabg.com:1337/announce&tr=udp://mgtracker.org:6969/announce&tr=udp://tracker.tiny-vps.com:6969/announce&tr=udp://peerfect.org:6969/announce&tr=http://share.camoe.cn:8080/announce&tr=http://t.nyaatracker.com:80/announce&tr=https://open.kickasstracker.com:443/announce,AOUK6SZBGY7JFSDK4TPEUN4BT7DWMNCJ,False,"Wed, 30 Aug 2017 15:55:47 +0000","time.struct_time(tm_year=2017, tm_mon=8, tm_mday=30, tm_hour=15, tm_min=55, tm_sec=47, tm_wday=2, tm_yday=242, tm_isdst=0)"
[HorribleSubs] Dream Festival! R - 02 [1080p].mkv,"{'type': 'text/plain', 'language': None, 'base': 'http://horriblesubs.info/rss.php?res=1080', 'value': '[HorribleSubs] Dream Festival! R - 02 [1080p].mkv'}","[{'rel': 'alternate', 'type': 'text/html', 'href': 'magnet:?xt=urn:btih:ANT56R43XYL5JQJEDKVLQRZZDTU2GUBF&tr=http://nyaa.tracker.wf:7777/announce&tr=udp://tracker.coppersurfer.tk:6969/announce&tr=udp://tracker.internetwarriors.net:1337/announce&tr=udp://tracker.leechersparadise.org:6969/announce&tr=udp://tracker.opentrackr.org:1337/announce&tr=udp://open.stealth.si:80/announce&tr=udp://p4p.arenabg.com:1337/announce&tr=udp://mgtracker.org:6969/announce&tr=udp://tracker.tiny-vps.com:6969/announce&tr=udp://peerfect.org:6969/announce&tr=http://share.camoe.cn:8080/announce&tr=http://t.nyaatracker.com:80/announce&tr=https://open.kickasstracker.com:443/announce'}]",magnet:?xt=urn:btih:ANT56R43XYL5JQJEDKVLQRZZDTU2GUBF&tr=http://nyaa.tracker.wf:7777/announce&tr=udp://tracker.coppersurfer.tk:6969/announce&tr=udp://tracker.internetwarriors.net:1337/announce&tr=udp://tracker.leechersparadise.org:6969/announce&tr=udp://tracker.opentrackr.org:1337/announce&tr=udp://open.stealth.si:80/announce&tr=udp://p4p.arenabg.com:1337/announce&tr=udp://mgtracker.org:6969/announce&tr=udp://tracker.tiny-vps.com:6969/announce&tr=udp://peerfect.org:6969/announce&tr=http://share.camoe.cn:8080/announce&tr=http://t.nyaatracker.com:80/announce&tr=https://open.kickasstracker.com:443/announce,ANT56R43XYL5JQJEDKVLQRZZDTU2GUBF,False,"Wed, 30 Aug 2017 15:41:01 +0000","time.struct_time(tm_year=2017, tm_mon=8, tm_mday=30, tm_hour=15, tm_min=41, tm_sec=1, tm_wday=2, tm_yday=242, tm_isdst=0)"
[HorribleSubs] Hajimete no Gal - 08 [1080p].mkv,"{'type': 'text/plain', 'language': None, 'base': 'http://horriblesubs.info/rss.php?res=1080', 'value': '[HorribleSubs] Hajimete no Gal - 08 [1080p].mkv'}","[{'rel': 'alternate', 'type': 'text/html', 'href': 'magnet:?xt=urn:btih:3225XLEPY4M2WLG5JM34S6B7H5EJEGRL&tr=http://nyaa.tracker.wf:7777/announce&tr=udp://tracker.coppersurfer.tk:6969/announce&tr=udp://tracker.internetwarriors.net:1337/announce&tr=udp://tracker.leechersparadise.org:6969/announce&tr=udp://tracker.opentrackr.org:1337/announce&tr=udp://open.stealth.si:80/announce&tr=udp://p4p.arenabg.com:1337/announce&tr=udp://mgtracker.org:6969/announce&tr=udp://tracker.tiny-vps.com:6969/announce&tr=udp://peerfect.org:6969/announce&tr=http://share.camoe.cn:8080/announce&tr=http://t.nyaatracker.com:80/announce&tr=https://open.kickasstracker.com:443/announce'}]",magnet:?xt=urn:btih:3225XLEPY4M2WLG5JM34S6B7H5EJEGRL&tr=http://nyaa.tracker.wf:7777/announce&tr=udp://tracker.coppersurfer.tk:6969/announce&tr=udp://tracker.internetwarriors.net:1337/announce&tr=udp://tracker.leechersparadise.org:6969/announce&tr=udp://tracker.opentrackr.org:1337/announce&tr=udp://open.stealth.si:80/announce&tr=udp://p4p.arenabg.com:1337/announce&tr=udp://mgtracker.org:6969/announce&tr=udp://tracker.tiny-vps.com:6969/announce&tr=udp://peerfect.org:6969/announce&tr=http://share.camoe.cn:8080/announce&tr=http://t.nyaatracker.com:80/announce&tr=https://open.kickasstracker.com:443/announce,3225XLEPY4M2WLG5JM34S6B7H5EJEGRL,False,"Wed, 30 Aug 2017 15:38:21 +0000","time.struct_time(tm_year=2017, tm_mon=8, tm_mday=30, tm_hour=15, tm_min=38, tm_sec=21, tm_wday=2, tm_yday=242, tm_isdst=0)"
[HorribleSubs] Saiyuki Reload Blast - 09 [1080p].mkv,"{'type': 'text/plain', 'language': None, 'base': 'http://horriblesubs.info/rss.php?res=1080', 'value': '[HorribleSubs] Saiyuki Reload Blast - 09 [1080p].mkv'}","[{'rel': 'alternate', 'type': 'text/html', 'href': 'magnet:?xt=urn:btih:TOHPBUKYK57SRUQKAEAZVRIO4WYUDZ6P&tr=http://nyaa.tracker.wf:7777/announce&tr=udp://tracker.coppersurfer.tk:6969/announce&tr=udp://tracker.internetwarriors.net:1337/announce&tr=udp://tracker.leechersparadise.org:6969/announce&tr=udp://tracker.opentrackr.org:1337/announce&tr=udp://open.stealth.si:80/announce&tr=udp://p4p.arenabg.com:1337/announce&tr=udp://mgtracker.org:6969/announce&tr=udp://tracker.tiny-vps.com:6969/announce&tr=udp://peerfect.org:6969/announce&tr=http://share.camoe.cn:8080/announce&tr=http://t.nyaatracker.com:80/announce&tr=https://open.kickasstracker.com:443/announce'}]",magnet:?xt=urn:btih:TOHPBUKYK57SRUQKAEAZVRIO4WYUDZ6P&tr=http://nyaa.tracker.wf:7777/announce&tr=udp://tracker.coppersurfer.tk:6969/announce&tr=udp://tracker.internetwarriors.net:1337/announce&tr=udp://tracker.leechersparadise.org:6969/announce&tr=udp://tracker.opentrackr.org:1337/announce&tr=udp://open.stealth.si:80/announce&tr=udp://p4p.arenabg.com:1337/announce&tr=udp://mgtracker.org:6969/announce&tr=udp://tracker.tiny-vps.com:6969/announce&tr=udp://peerfect.org:6969/announce&tr=http://share.camoe.cn:8080/announce&tr=http://t.nyaatracker.com:80/announce&tr=https://open.kickasstracker.com:443/announce,TOHPBUKYK57SRUQKAEAZVRIO4WYUDZ6P,False,"Wed, 30 Aug 2017 15:08:28 +0000","time.struct_time(tm_year=2017, tm_mon=8, tm_mday=30, tm_hour=15, tm_min=8, tm_sec=28, tm_wday=2, tm_yday=242, tm_isdst=0)"
[HorribleSubs] Nora to Oujo to Noraneko Heart - 08 [1080p].mkv,"{'type': 'text/plain', 'language': None, 'base': 'http://horriblesubs.info/rss.php?res=1080', 'value': '[HorribleSubs] Nora to Oujo to Noraneko Heart - 08 [1080p].mkv'}","[{'rel': 'alternate', 'type': 'text/html', 'href': 'magnet:?xt=urn:btih:XL7WBVAZUJNSDHJKZBJMHHYRQWBFAGAB&tr=http://nyaa.tracker.wf:7777/announce&tr=udp://tracker.coppersurfer.tk:6969/announce&tr=udp://tracker.internetwarriors.net:1337/announce&tr=udp://tracker.leechersparadise.org:6969/announce&tr=udp://tracker.opentrackr.org:1337/announce&tr=udp://open.stealth.si:80/announce&tr=udp://p4p.arenabg.com:1337/announce&tr=udp://mgtracker.org:6969/announce&tr=udp://tracker.tiny-vps.com:6969/announce&tr=udp://peerfect.org:6969/announce&tr=http://share.camoe.cn:8080/announce&tr=http://t.nyaatracker.com:80/announce&tr=https://open.kickasstracker.com:443/announce'}]",magnet:?xt=urn:btih:XL7WBVAZUJNSDHJKZBJMHHYRQWBFAGAB&tr=http://nyaa.tracker.wf:7777/announce&tr=udp://tracker.coppersurfer.tk:6969/announce&tr=udp://tracker.internetwarriors.net:1337/announce&tr=udp://tracker.leechersparadise.org:6969/announce&tr=udp://tracker.opentrackr.org:1337/announce&tr=udp://open.stealth.si:80/announce&tr=udp://p4p.arenabg.com:1337/announce&tr=udp://mgtracker.org:6969/announce&tr=udp://tracker.tiny-vps.com:6969/announce&tr=udp://peerfect.org:6969/announce&tr=http://share.camoe.cn:8080/announce&tr=http://t.nyaatracker.com:80/announce&tr=https://open.kickasstracker.com:443/announce,XL7WBVAZUJNSDHJKZBJMHHYRQWBFAGAB,False,"Wed, 30 Aug 2017 14:46:49 +0000","time.struct_time(tm_year=2017, tm_mon=8, tm_mday=30, tm_hour=14, tm_min=46, tm_sec=49, tm_wday=2, tm_yday=242, tm_isdst=0)"
[HorribleSubs] Netsuzou TRap - NTR - 09 [1080p].mkv,"{'type': 'text/plain', 'language': None, 'base': 'http://horriblesubs.info/rss.php?res=1080', 'value': '[HorribleSubs] Netsuzou TRap - NTR - 09 [1080p].mkv'}","[{'rel': 'alternate', 'type': 'text/html', 'href': 'magnet:?xt=urn:btih:YVLFEHU3MORQVL3G5YRQWU3ZPXIOXGLB&tr=http://nyaa.tracker.wf:7777/announce&tr=udp://tracker.coppersurfer.tk:6969/announce&tr=udp://tracker.internetwarriors.net:1337/announce&tr=udp://tracker.leechersparadise.org:6969/announce&tr=udp://tracker.opentrackr.org:1337/announce&tr=udp://open.stealth.si:80/announce&tr=udp://p4p.arenabg.com:1337/announce&tr=udp://mgtracker.org:6969/announce&tr=udp://tracker.tiny-vps.com:6969/announce&tr=udp://peerfect.org:6969/announce&tr=http://share.camoe.cn:8080/announce&tr=http://t.nyaatracker.com:80/announce&tr=https://open.kickasstracker.com:443/announce'}]",magnet:?xt=urn:btih:YVLFEHU3MORQVL3G5YRQWU3ZPXIOXGLB&tr=http://nyaa.tracker.wf:7777/announce&tr=udp://tracker.coppersurfer.tk:6969/announce&tr=udp://tracker.internetwarriors.net:1337/announce&tr=udp://tracker.leechersparadise.org:6969/announce&tr=udp://tracker.opentrackr.org:1337/announce&tr=udp://open.stealth.si:80/announce&tr=udp://p4p.arenabg.com:1337/announce&tr=udp://mgtracker.org:6969/announce&tr=udp://tracker.tiny-vps.com:6969/announce&tr=udp://peerfect.org:6969/announce&tr=http://share.camoe.cn:8080/announce&tr=http://t.nyaatracker.com:80/announce&tr=https://open.kickasstracker.com:443/announce,YVLFEHU3MORQVL3G5YRQWU3ZPXIOXGLB,False,"Wed, 30 Aug 2017 12:33:55 +0000","time.struct_time(tm_year=2017, tm_mon=8, tm_mday=30, tm_hour=12, tm_min=33, tm_sec=55, tm_wday=2, tm_yday=242, tm_isdst=0)"
[HorribleSubs] Yu-Gi-Oh! VRAINS - 16 [1080p].mkv,"{'type': 'text/plain', 'language': None, 'base': 'http://horriblesubs.info/rss.php?res=1080', 'value': '[HorribleSubs] Yu-Gi-Oh! VRAINS - 16 [1080p].mkv'}","[{'rel': 'alternate', 'type': 'text/html', 'href': 'magnet:?xt=urn:btih:XODEWUA47LULPTU67EPV5OLY24Z3DGNE&tr=http://nyaa.tracker.wf:7777/announce&tr=udp://tracker.coppersurfer.tk:6969/announce&tr=udp://tracker.internetwarriors.net:1337/announce&tr=udp://tracker.leechersparadise.org:6969/announce&tr=udp://tracker.opentrackr.org:1337/announce&tr=udp://open.stealth.si:80/announce&tr=udp://p4p.arenabg.com:1337/announce&tr=udp://mgtracker.org:6969/announce&tr=udp://tracker.tiny-vps.com:6969/announce&tr=udp://peerfect.org:6969/announce&tr=http://share.camoe.cn:8080/announce&tr=http://t.nyaatracker.com:80/announce&tr=https://open.kickasstracker.com:443/announce'}]",magnet:?xt=urn:btih:XODEWUA47LULPTU67EPV5OLY24Z3DGNE&tr=http://nyaa.tracker.wf:7777/announce&tr=udp://tracker.coppersurfer.tk:6969/announce&tr=udp://tracker.internetwarriors.net:1337/announce&tr=udp://tracker.leechersparadise.org:6969/announce&tr=udp://tracker.opentrackr.org:1337/announce&tr=udp://open.stealth.si:80/announce&tr=udp://p4p.arenabg.com:1337/announce&tr=udp://mgtracker.org:6969/announce&tr=udp://tracker.tiny-vps.com:6969/announce&tr=udp://peerfect.org:6969/announce&tr=http://share.camoe.cn:8080/announce&tr=http://t.nyaatracker.com:80/announce&tr=https://open.kickasstracker.com:443/announce,XODEWUA47LULPTU67EPV5OLY24Z3DGNE,False,"Wed, 30 Aug 2017 11:03:52 +0000","time.struct_time(tm_year=2017, tm_mon=8, tm_mday=30, tm_hour=11, tm_min=3, tm_sec=52, tm_wday=2, tm_yday=242, tm_isdst=0)"
[HorribleSubs] Boruto - Naruto Next Generations - 22 [1080p].mkv,"{'type': 'text/plain', 'language': None, 'base': 'http://horriblesubs.info/rss.php?res=1080', 'value': '[HorribleSubs] Boruto - Naruto Next Generations - 22 [1080p].mkv'}","[{'rel': 'alternate', 'type': 'text/html', 'href': 'magnet:?xt=urn:btih:PXSWAPIYAABWUNN5CYQHSOSF3NL44OFS&tr=http://nyaa.tracker.wf:7777/announce&tr=udp://tracker.coppersurfer.tk:6969/announce&tr=udp://tracker.internetwarriors.net:1337/announce&tr=udp://tracker.leechersparadise.org:6969/announce&tr=udp://tracker.opentrackr.org:1337/announce&tr=udp://open.stealth.si:80/announce&tr=udp://p4p.arenabg.com:1337/announce&tr=udp://mgtracker.org:6969/announce&tr=udp://tracker.tiny-vps.com:6969/announce&tr=udp://peerfect.org:6969/announce&tr=http://share.camoe.cn:8080/announce&tr=http://t.nyaatracker.com:80/announce&tr=https://open.kickasstracker.com:443/announce'}]",magnet:?xt=urn:btih:PXSWAPIYAABWUNN5CYQHSOSF3NL44OFS&tr=http://nyaa.tracker.wf:7777/announce&tr=udp://tracker.coppersurfer.tk:6969/announce&tr=udp://tracker.internetwarriors.net:1337/announce&tr=udp://tracker.leechersparadise.org:6969/announce&tr=udp://tracker.opentrackr.org:1337/announce&tr=udp://open.stealth.si:80/announce&tr=udp://p4p.arenabg.com:1337/announce&tr=udp://mgtracker.org:6969/announce&tr=udp://tracker.tiny-vps.com:6969/announce&tr=udp://peerfect.org:6969/announce&tr=http://share.camoe.cn:8080/announce&tr=http://t.nyaatracker.com:80/announce&tr=https://open.kickasstracker.com:443/announce,PXSWAPIYAABWUNN5CYQHSOSF3NL44OFS,False,"Wed, 30 Aug 2017 09:34:01 +0000","time.struct_time(tm_year=2017, tm_mon=8, tm_mday=30, tm_hour=9, tm_min=34, tm_sec=1, tm_wday=2, tm_yday=242, tm_isdst=0)"
[HorribleSubs] Nana Maru San Batsu - 09 [1080p].mkv,"{'type': 'text/plain', 'language': None, 'base': 'http://horriblesubs.info/rss.php?res=1080', 'value': '[HorribleSubs] Nana Maru San Batsu - 09 [1080p].mkv'}","[{'rel': 'alternate', 'type': 'text/html', 'href': 'magnet:?xt=urn:btih:XH62TKVNOFK76TI6RWQK5WNB6N37NHAR&tr=http://nyaa.tracker.wf:7777/announce&tr=udp://tracker.coppersurfer.tk:6969/announce&tr=udp://tracker.internetwarriors.net:1337/announce&tr=udp://tracker.leechersparadise.org:6969/announce&tr=udp://tracker.opentrackr.org:1337/announce&tr=udp://open.stealth.si:80/announce&tr=udp://p4p.arenabg.com:1337/announce&tr=udp://mgtracker.org:6969/announce&tr=udp://tracker.tiny-vps.com:6969/announce&tr=udp://peerfect.org:6969/announce&tr=http://share.camoe.cn:8080/announce&tr=http://t.nyaatracker.com:80/announce&tr=https://open.kickasstracker.com:443/announce'}]",magnet:?xt=urn:btih:XH62TKVNOFK76TI6RWQK5WNB6N37NHAR&tr=http://nyaa.tracker.wf:7777/announce&tr=udp://tracker.coppersurfer.tk:6969/announce&tr=udp://tracker.internetwarriors.net:1337/announce&tr=udp://tracker.leechersparadise.org:6969/announce&tr=udp://tracker.opentrackr.org:1337/announce&tr=udp://open.stealth.si:80/announce&tr=udp://p4p.arenabg.com:1337/announce&tr=udp://mgtracker.org:6969/announce&tr=udp://tracker.tiny-vps.com:6969/announce&tr=udp://peerfect.org:6969/announce&tr=http://share.camoe.cn:8080/announce&tr=http://t.nyaatracker.com:80/announce&tr=https://open.kickasstracker.com:443/announce,XH62TKVNOFK76TI6RWQK5WNB6N37NHAR,False,"Tue, 29 Aug 2017 19:39:46 +0000","time.struct_time(tm_year=2017, tm_mon=8, tm_mday=29, tm_hour=19, tm_min=39, tm_sec=46, tm_wday=1, tm_yday=241, tm_isdst=0)"
[HorribleSubs] Mahoujin Guru Guru (2017) - 08 [1080p].mkv,"{'type': 'text/plain', 'language': None, 'base': 'http://horriblesubs.info/rss.php?res=1080', 'value': '[HorribleSubs] Mahoujin Guru Guru (2017) - 08 [1080p].mkv'}","[{'rel': 'alternate', 'type': 'text/html', 'href': 'magnet:?xt=urn:btih:Q6LMRLYT3EAGQKZKGKBOYTDKXTOCQY2V&tr=http://nyaa.tracker.wf:7777/announce&tr=udp://tracker.coppersurfer.tk:6969/announce&tr=udp://tracker.internetwarriors.net:1337/announce&tr=udp://tracker.leechersparadise.org:6969/announce&tr=udp://tracker.opentrackr.org:1337/announce&tr=udp://open.stealth.si:80/announce&tr=udp://p4p.arenabg.com:1337/announce&tr=udp://mgtracker.org:6969/announce&tr=udp://tracker.tiny-vps.com:6969/announce&tr=udp://peerfect.org:6969/announce&tr=http://share.camoe.cn:8080/announce&tr=http://t.nyaatracker.com:80/announce&tr=https://open.kickasstracker.com:443/announce'}]",magnet:?xt=urn:btih:Q6LMRLYT3EAGQKZKGKBOYTDKXTOCQY2V&tr=http://nyaa.tracker.wf:7777/announce&tr=udp://tracker.coppersurfer.tk:6969/announce&tr=udp://tracker.internetwarriors.net:1337/announce&tr=udp://tracker.leechersparadise.org:6969/announce&tr=udp://tracker.opentrackr.org:1337/announce&tr=udp://open.stealth.si:80/announce&tr=udp://p4p.arenabg.com:1337/announce&tr=udp://mgtracker.org:6969/announce&tr=udp://tracker.tiny-vps.com:6969/announce&tr=udp://peerfect.org:6969/announce&tr=http://share.camoe.cn:8080/announce&tr=http://t.nyaatracker.com:80/announce&tr=https://open.kickasstracker.com:443/announce,Q6LMRLYT3EAGQKZKGKBOYTDKXTOCQY2V,False,"Tue, 29 Aug 2017 18:58:52 +0000","time.struct_time(tm_year=2017, tm_mon=8, tm_mday=29, tm_hour=18, tm_min=58, tm_sec=52, tm_wday=1, tm_yday=241, tm_isdst=0)"
[HorribleSubs] Aho Girl - 09 [1080p].mkv,"{'type': 'text/plain', 'language': None, 'base': 'http://horriblesubs.info/rss.php?res=1080', 'value': '[HorribleSubs] Aho Girl - 09 [1080p].mkv'}","[{'rel': 'alternate', 'type': 'text/html', 'href': 'magnet:?xt=urn:btih:3UIIEFM4FBLE6F2YLDIWJ2HTYAPDMXIP&tr=http://nyaa.tracker.wf:7777/announce&tr=udp://tracker.coppersurfer.tk:6969/announce&tr=udp://tracker.internetwarriors.net:1337/announce&tr=udp://tracker.leechersparadise.org:6969/announce&tr=udp://tracker.opentrackr.org:1337/announce&tr=udp://open.stealth.si:80/announce&tr=udp://p4p.arenabg.com:1337/announce&tr=udp://mgtracker.org:6969/announce&tr=udp://tracker.tiny-vps.com:6969/announce&tr=udp://peerfect.org:6969/announce&tr=http://share.camoe.cn:8080/announce&tr=http://t.nyaatracker.com:80/announce&tr=https://open.kickasstracker.com:443/announce'}]",magnet:?xt=urn:btih:3UIIEFM4FBLE6F2YLDIWJ2HTYAPDMXIP&tr=http://nyaa.tracker.wf:7777/announce&tr=udp://tracker.coppersurfer.tk:6969/announce&tr=udp://tracker.internetwarriors.net:1337/announce&tr=udp://tracker.leechersparadise.org:6969/announce&tr=udp://tracker.opentrackr.org:1337/announce&tr=udp://open.stealth.si:80/announce&tr=udp://p4p.arenabg.com:1337/announce&tr=udp://mgtracker.org:6969/announce&tr=udp://tracker.tiny-vps.com:6969/announce&tr=udp://peerfect.org:6969/announce&tr=http://share.camoe.cn:8080/announce&tr=http://t.nyaatracker.com:80/announce&tr=https://open.kickasstracker.com:443/announce,3UIIEFM4FBLE6F2YLDIWJ2HTYAPDMXIP,False,"Tue, 29 Aug 2017 16:04:15 +0000","time.struct_time(tm_year=2017, tm_mon=8, tm_mday=29, tm_hour=16, tm_min=4, tm_sec=15, tm_wday=1, tm_yday=241, tm_isdst=0)"
